today,microseconds_since_start,msl,rc0,rc1,rc2,rc3,rc4,rc5,rc0_scaled,rc1_scaled,rc2_scaled,rc3_scaled,rc4_scaled,rc5_scaled,adc_array[0],adc_array[1],adc_array[2],adc_array[3],adc_array[4],adc_array[5],a_mpu[0],a_mpu[1],a_mpu[2],g_mpu[0],g_mpu[1],g_mpu[2],m_mpu[0],m_mpu[1],m_mpu[2],YAW_CMD, YAW_MEAS
Wed Oct  2 06:17:42 2019,40867528,656.865,1513,1516,1088,1513,1940,1514,-0.0469513,-0.093895,0.9,-0.0117378,0.5,-1.19209e-07,5392,5534,1212,0,30,28,0.047884,0.124498,-9.66779,0.0148991,0.00106422,0.278827,-9.61875,12.5508,31.8047,-0.0117378,0.278827,
Wed Oct  2 06:17:42 2019,40877529,656.865,1513,1516,1088,1513,1940,1514,-0.0469513,-0.093895,0.9,-0.0117378,0.5,-1.19209e-07,5388,5522,1212,0,6,28,0.0861913,0.143652,-9.60554,0.019156,0.00744957,0.280955,-9.61875,12.5508,31.8047,-0.0117378,0.280955,
Wed Oct  2 06:17:42 2019,40887531,656.865,1513,1516,1088,1513,1940,1514,-0.0469513,-0.093895,0.9,-0.0117378,0.5,-1.19209e-07,5388,5522,1212,0,6,28,0.100556,0.177171,-9.663,0.0170276,0.00851379,0.275634,-9.61875,12.5508,31.8047,-0.0117378,0.275634,
Wed Oct  2 06:17:42 2019,40897532,656.865,1513,1516,1088,1513,1940,1514,-0.0469513,-0.093895,0.9,-0.0117378,0.5,-1.19209e-07,5370,5524,1210,0,6,26,0.110133,0.110133,-9.60075,0.0127707,0.0138349,0.278827,-9.61875,12.5508,31.8047,-0.0117378,0.278827,
Wed Oct  2 06:17:42 2019,40907533,674.373,1513,1516,1088,1513,1940,1514,-0.0469513,-0.093895,0.9,-0.0117378,0.5,-1.19209e-07,5370,5524,1210,0,6,26,0.181959,0.110133,-9.65821,0.0117065,0.0202203,0.285212,-9.61875,12.5508,31.8047,-0.0117378,0.285212,
Wed Oct  2 06:17:42 2019,40917534,674.373,1513,1516,1088,1513,1940,1514,-0.0469513,-0.093895,0.9,-0.0117378,0.5,-1.19209e-07,5374,5520,1206,0,8,12,0.148441,0.124498,-9.69652,0.0138349,0.0244772,0.284148,-9.61875,12.5508,31.8047,-0.0117378,0.284148,
Wed Oct  2 06:17:42 2019,40927535,674.373,1513,1516,1088,1513,1940,1514,-0.0469513,-0.093895,0.9,-0.0117378,0.5,-1.19209e-07,5374,5520,1206,0,8,12,0.177171,0.172383,-9.68215,0.0117065,0.0308625,0.285212,-9.61875,12.5508,31.8047,-0.0117378,0.285212,
Wed Oct  2 06:17:42 2019,40937536,674.373,1513,1516,1088,1513,1940,1514,-0.0469513,-0.093895,0.9,-0.0117378,0.5,-1.19209e-07,5372,5522,1214,0,30,12,0.229843,0.110133,-9.67736,0.0138349,0.0308625,0.284148,-9.61875,12.5508,31.8047,-0.0117378,0.284148,
Wed Oct  2 06:17:42 2019,40947537,657.586,1513,1516,1088,1513,1940,1514,-0.0469513,-0.093895,0.9,-0.0117378,0.5,-1.19209e-07,5372,5522,1214,0,30,12,0.181959,0.11971,-9.72525,0.0117065,0.0351194,0.287341,-9.61875,12.5508,31.8047,-0.0117378,0.287341,
Wed Oct  2 06:17:42 2019,40957538,657.586,1513,1516,1088,1513,1940,1514,-0.0469513,-0.093895,0.9,-0.0117378,0.5,-1.19209e-07,5370,5520,1212,0,30,10,0.21069,0.0670376,-9.72046,0.0117065,0.0319267,0.286276,-9.61875,12.5508,31.8047,-0.0117378,0.286276,
Wed Oct  2 06:17:42 2019,40967539,657.586,1513,1516,1088,1513,1940,1514,-0.0469513,-0.093895,0.9,-0.0117378,0.5,-1.19209e-07,5370,5520,1212,0,30,10,0.282516,0.181959,-9.70131,0.0106422,0.0297983,0.289469,-9.61875,12.5508,31.8047,-0.0117378,0.289469,
Wed Oct  2 06:17:42 2019,40977540,657.586,1513,1516,1088,1513,1940,1514,-0.0469513,-0.093895,0.9,-0.0117378,0.5,-1.19209e-07,5370,5520,1214,0,8,30,0.167594,0.134075,-9.69652,0.0170276,0.0255414,0.287341,-9.61875,12.5508,31.8047,-0.0117378,0.287341,
Wed Oct  2 06:17:42 2019,40987541,657.586,1513,1516,1088,1513,1940,1514,-0.0469513,-0.093895,0.9,-0.0117378,0.5,-1.19209e-07,5370,5520,1214,0,8,30,0.234632,0.138864,-9.76834,0.0234129,0.0180918,0.291597,-9.61875,12.5508,31.8047,-0.0117378,0.291597,
Wed Oct  2 06:17:42 2019,40997542,657.586,1513,1516,1088,1513,1940,1514,-0.0469513,-0.093895,0.9,-0.0117378,0.5,-1.19209e-07,5366,5526,1158,0,8,28,0.153229,0.124498,-10.003,0.0255414,0.00851379,0.293726,-9.61875,12.5508,31.8047,-0.0117378,0.293726,
Wed Oct  2 06:17:42 2019,41007543,657.334,1513,1516,1088,1513,1940,1514,-0.0469513,-0.093895,0.9,-0.0117378,0.5,-1.19209e-07,5366,5526,1158,0,8,28,0.497994,-0.201113,-9.84975,-0.0106422,0.00319267,0.29479,-9.61875,12.5508,31.8047,-0.0117378,0.29479,
Wed Oct  2 06:17:42 2019,41017544,657.334,1513,1516,1088,1513,1940,1514,-0.0469513,-0.093895,0.9,-0.0117378,0.5,-1.19209e-07,5368,5534,1160,16,8,28,0.023942,-0.0526724,-9.65821,-0.0478901,-0.0180918,0.279891,-9.61875,12.5508,31.8047,-0.0117378,0.279891,
Wed Oct  2 06:17:42 2019,41027545,657.334,1513,1516,1088,1513,1940,1514,-0.0469513,-0.093895,0.9,-0.0117378,0.5,-1.19209e-07,5368,5534,1160,16,8,28,0.320823,0.0670376,-9.663,-0.0138349,-0.0266056,0.354387,-9.61875,12.5508,31.8047,-0.0117378,0.354387,
Wed Oct  2 06:17:42 2019,41037546,657.334,1513,1516,1088,1513,1940,1514,-0.0469513,-0.093895,0.9,-0.0117378,0.5,-1.19209e-07,5374,5532,1172,8,8,28,0.105345,0.675165,-9.51935,0.00106422,-0.0542754,0.419304,-9.61875,12.5508,31.8047,-0.0117378,0.419304,
Wed Oct  2 06:17:42 2019,41047547,656.1,1513,1516,1088,1513,1940,1514,-0.0469513,-0.093895,0.9,-0.0117378,0.5,-1.19209e-07,5374,5532,1172,8,8,28,-0.177171,0.244209,-9.14106,0.0649177,-0.00851379,0.345873,-9.61875,12.5508,31.8047,-0.0117378,0.345873,
Wed Oct  2 06:17:42 2019,41057548,656.1,1513,1516,1088,1513,1940,1514,-0.0469513,-0.093895,0.9,-0.0117378,0.5,-1.19209e-07,5354,5536,1168,8,8,28,0.354342,0.215478,-9.44752,0.0361836,-0.0202203,0.368222,-9.61875,12.5508,31.8047,-0.0117378,0.368222,
Wed Oct  2 06:17:42 2019,41067549,656.1,1513,1516,1088,1513,1940,1514,-0.0469513,-0.093895,0.9,-0.0117378,0.5,-1.19209e-07,5354,5536,1168,8,8,28,0.684742,0.464475,-10.0461,0.0148991,-0.0319267,0.489543,-9.61875,12.5508,31.8047,-0.0117378,0.489543,
Wed Oct  2 06:17:42 2019,41077550,656.1,1513,1516,1088,1513,1940,1514,-0.0469513,-0.093895,0.9,-0.0117378,0.5,-1.19209e-07,5378,5526,1178,0,28,10,0.0622492,-0.138864,-9.64384,-0.0127707,-0.0638535,0.487415,-9.61875,12.5508,31.8047,-0.0117378,0.487415,
Wed Oct  2 06:17:42 2019,41087551,656.1,1513,1516,1088,1513,1940,1514,-0.0469513,-0.093895,0.9,-0.0117378,0.5,-1.19209e-07,5378,5526,1178,0,28,10,0.292093,-0.349553,-9.51456,-0.080881,-0.0415047,0.507635,-9.61875,12.5508,31.8047,-0.0117378,0.507635,
Wed Oct  2 06:17:42 2019,41097552,656.1,1513,1516,1088,1513,1940,1514,-0.0469513,-0.093895,0.9,-0.0117378,0.5,-1.19209e-07,5370,5506,1188,0,28,12,0.727837,-0.196325,-10.3717,-0.0893948,-0.0489543,0.587452,-9.61875,12.5508,31.8047,-0.0117378,0.587452,
Wed Oct  2 06:17:42 2019,41107553,655.987,1513,1516,1088,1513,1940,1514,-0.0469513,-0.093895,0.9,-0.0117378,0.5,-1.19209e-07,5370,5506,1188,0,28,12,0.311246,0.258574,-9.60075,-0.0393763,-0.0415047,0.600222,-9.61875,12.5508,31.8047,-0.0117378,0.600222,
Wed Oct  2 06:17:42 2019,41117554,655.987,1513,1516,1088,1513,1940,1514,-0.0469513,-0.093895,0.9,-0.0117378,0.5,-1.19209e-07,5392,5528,1192,0,8,26,0.258574,-0.0143652,-9.31344,0.00532112,-0.0404405,0.614057,-9.61875,12.5508,31.8047,-0.0117378,0.614057,
Wed Oct  2 06:17:42 2019,41127555,655.987,1513,1516,1088,1513,1940,1514,-0.0469513,-0.093895,0.9,-0.0117378,0.5,-1.19209e-07,5392,5528,1192,0,8,26,0.0909797,0.383072,-9.76834,0.019156,-0.0478901,0.655562,-9.61875,12.5508,31.8047,-0.0117378,0.655562,
Wed Oct  2 06:17:42 2019,41137556,655.987,1513,1516,1088,1513,1940,1514,-0.0469513,-0.093895,0.9,-0.0117378,0.5,-1.19209e-07,5370,5520,1190,0,8,28,0.143652,0.584185,-9.78271,0.0361836,-0.0266056,0.669397,-9.61875,12.5508,31.8047,-0.0117378,0.669397,
Wed Oct  2 06:17:42 2019,41147557,657.986,1513,1516,1088,1513,1940,1514,-0.0469513,-0.093895,0.9,-0.0117378,0.5,-1.19209e-07,5370,5520,1190,0,8,28,0.162806,0.445322,-9.73482,0.0510828,-0.0255414,0.698131,-9.61875,12.5508,31.8047,-0.0117378,0.698131,
Wed Oct  2 06:17:42 2019,41157558,657.986,1513,1516,1088,1513,1940,1514,-0.0469513,-0.093895,0.9,-0.0117378,0.5,-1.19209e-07,5360,5528,1186,0,8,28,0.258574,-0.225055,-9.46188,0.0383121,-0.0287341,0.72048,-9.61875,12.5508,31.8047,-0.0117378,0.72048,
Wed Oct  2 06:17:42 2019,41167559,657.986,1513,1516,1088,1513,1940,1514,-0.0469513,-0.093895,0.9,-0.0117378,0.5,-1.19209e-07,5360,5528,1186,0,8,28,0.234632,0.0814029,-9.81144,0.0478901,-0.0372479,0.754535,-9.61875,12.5508,31.8047,-0.0117378,0.754535,
Wed Oct  2 06:17:42 2019,41177560,657.986,1513,1516,1088,1513,1940,1514,-0.0469513,-0.093895,0.9,-0.0117378,0.5,-1.19209e-07,5374,5512,1184,0,30,26,0.0670376,-0.191536,-10.0317,0.0510828,-0.0361836,0.772627,-9.61875,12.5508,31.8047,-0.0117378,0.772627,
Wed Oct  2 06:17:42 2019,41187561,657.986,1513,1516,1088,1513,1940,1514,-0.0469513,-0.093895,0.9,-0.0117378,0.5,-1.19209e-07,5374,5512,1184,0,30,26,0.56982,0.287304,-9.90721,0.0457616,-0.0297983,0.780076,-9.61875,12.5508,31.8047,-0.0117378,0.780076,
Wed Oct  2 06:17:42 2019,41197562,657.986,1513,1516,1088,1513,1940,1514,-0.0469513,-0.093895,0.9,-0.0117378,0.5,-1.19209e-07,5370,5514,1128,22,30,28,0.00957681,0.258574,-8.9591,0.0372479,-0.0585323,0.809875,-9.61875,12.5508,31.8047,-0.0117378,0.809875,
Wed Oct  2 06:17:42 2019,41207563,658.377,1513,1516,1088,1513,1940,1514,-0.0469513,-0.093895,0.9,-0.0117378,0.5,-1.19209e-07,5370,5514,1128,22,30,28,0.047884,0.134075,-10.0269,0.0297983,-0.052147,0.897141,-9.61875,12.5508,31.8047,-0.0117378,0.897141,
Wed Oct  2 06:17:42 2019,41217564,658.377,1513,1516,1088,1513,1940,1514,-0.0469513,-0.093895,0.9,-0.0117378,0.5,-1.19209e-07,5344,5524,1064,40,8,28,0.0047884,-0.45011,-9.86411,0.0415047,-0.0915233,0.955673,-9.61875,12.5508,31.8047,-0.0117378,0.955673,
Wed Oct  2 06:17:42 2019,41227565,658.377,1513,1516,1088,1513,1940,1514,-0.0469513,-0.093895,0.9,-0.0117378,0.5,-1.19209e-07,5344,5524,1064,40,8,28,0.0670376,0.349553,-9.72046,0.0723673,-0.0287341,1.0025,-9.61875,12.5508,31.8047,-0.0117378,1.0025,
Wed Oct  2 06:17:42 2019,41237566,658.377,1513,1516,1088,1513,1940,1514,-0.0469513,-0.093895,0.9,-0.0117378,0.5,-1.19209e-07,5360,5498,918,74,6,26,-0.220267,0.354342,-10.3238,0.161762,-0.114936,1.1483,-9.61875,12.5508,31.8047,-0.0117378,1.1483,
Wed Oct  2 06:17:42 2019,41247567,657.378,1513,1516,1088,1513,1940,1514,-0.0469513,-0.093895,0.9,-0.0117378,0.5,-1.19209e-07,5360,5498,918,74,6,26,0.445322,-0.488417,-8.96868,0.354387,-0.0276698,1.21428,-9.61875,12.5508,31.8047,-0.0117378,1.21428,
Wed Oct  2 06:17:42 2019,41257568,657.378,1513,1516,1088,1513,1940,1514,-0.0469513,-0.093895,0.9,-0.0117378,0.5,-1.19209e-07,5350,5490,804,160,8,28,-0.320823,1.21147,-13.2782,0.389506,-0.139413,1.30261,-9.61875,12.5508,31.8047,-0.0117378,1.30261,
Wed Oct  2 06:17:42 2019,41267569,657.378,1513,1516,1088,1513,1940,1514,-0.0469513,-0.093895,0.9,-0.0117378,0.5,-1.19209e-07,5350,5490,804,160,8,28,0.0861913,-0.105345,-9.59596,0.601287,-0.0670461,1.49417,-9.61875,12.5508,31.8047,-0.0117378,1.49417,
Wed Oct  2 06:17:42 2019,41277570,657.378,1513,1516,1088,1513,1940,1514,-0.0469513,-0.093895,0.9,-0.0117378,0.5,-1.19209e-07,5332,5520,822,164,8,28,0.244209,0,-7.20176,1.01208,0.0351194,1.52823,-9.61875,12.5508,31.8047,-0.0117378,1.52823,
Wed Oct  2 06:17:42 2019,41287571,657.378,1513,1516,1088,1513,1940,1514,-0.0469513,-0.093895,0.9,-0.0117378,0.5,-1.19209e-07,5332,5520,822,164,8,28,0.866701,-0.512359,-9.21289,1.02272,-0.0830095,1.6687,-9.61875,12.5508,31.8047,-0.0117378,1.6687,
Wed Oct  2 06:17:42 2019,41297572,657.378,1513,1516,1088,1513,1940,1514,-0.0469513,-0.093895,0.9,-0.0117378,0.5,-1.19209e-07,5344,5490,802,166,8,26,0.885855,-1.652,-11.6646,0.771563,-0.0106422,1.83366,-9.61875,12.5508,31.8047,-0.0117378,1.83366,
Wed Oct  2 06:17:42 2019,41307573,657.091,1513,1516,1088,1513,1940,1514,-0.0469513,-0.093895,0.9,-0.0117378,0.5,-1.19209e-07,5344,5490,802,166,8,26,-0.220267,-2.87304,-11.4347,0.591709,0.0393763,1.95392,-9.61875,12.5508,31.8047,-0.0117378,1.95392,
Wed Oct  2 06:17:42 2019,41317574,657.091,1513,1516,1088,1513,1940,1514,-0.0469513,-0.093895,0.9,-0.0117378,0.5,-1.19209e-07,5350,5490,776,176,8,26,-0.23942,-3.05021,-5.83228,0.573617,-0.019156,2.06459,-9.61875,12.5508,31.8047,-0.0117378,2.06459,
Wed Oct  2 06:17:42 2019,41327575,657.091,1513,1516,1088,1513,1940,1514,-0.0469513,-0.093895,0.9,-0.0117378,0.5,-1.19209e-07,5350,5490,776,176,8,26,-0.153229,-3.33752,-6.8953,0.197946,0.247964,2.17953,-9.61875,12.5508,31.8047,-0.0117378,2.17953,
Wed Oct  2 06:17:42 2019,41337576,657.091,1513,1516,1088,1513,1940,1514,-0.0469513,-0.093895,0.9,-0.0117378,0.5,-1.19209e-07,5336,5498,818,164,30,12,0.253785,-1.92973,-10.2807,-0.153248,0.233065,2.26573,-9.61875,12.5508,31.8047,-0.0117378,2.26573,
Wed Oct  2 06:17:42 2019,41347577,655.692,1513,1516,1088,1513,1940,1514,-0.0469513,-0.093895,0.9,-0.0117378,0.5,-1.19209e-07,5336,5498,818,164,30,12,0.814029,-3.08373,-11.133,-0.451231,0.212845,2.38067,-9.61875,12.5508,31.8047,-0.0117378,2.38067,
Wed Oct  2 06:17:42 2019,41357578,655.692,1513,1516,1088,1513,1940,1514,-0.0469513,-0.093895,0.9,-0.0117378,0.5,-1.19209e-07,5340,5492,852,150,8,28,0.426168,-1.57538,-9.26077,-0.704516,0.320332,2.45623,-9.61875,12.5508,31.8047,-0.0117378,2.45623,
Wed Oct  2 06:17:42 2019,41367579,655.692,1513,1516,1088,1513,1940,1514,-0.0469513,-0.093895,0.9,-0.0117378,0.5,-1.19209e-07,5340,5492,852,150,8,28,0.790087,-1.32639,-11.1953,-0.94716,0.299047,2.54137,-9.61875,12.5508,31.8047,-0.0117378,2.54137,
Wed Oct  2 06:17:42 2019,41377580,655.692,1513,1516,1088,1513,1940,1514,-0.0469513,-0.093895,0.9,-0.0117378,0.5,-1.19209e-07,5344,5482,878,138,30,10,1.00556,-0.694318,-12.4163,-1.09402,0.289469,2.64566,-9.61875,12.5508,31.8047,-0.0117378,2.64566,
Wed Oct  2 06:17:42 2019,41387581,655.692,1513,1516,1088,1513,1940,1514,-0.0469513,-0.093895,0.9,-0.0117378,0.5,-1.19209e-07,5344,5482,878,138,30,10,0.550666,-1.63763,-13.2112,-1.00463,0.287341,2.71484,-9.61875,12.5508,31.8047,-0.0117378,2.71484,
Wed Oct  2 06:17:42 2019,41397582,655.692,1513,1516,1088,1513,1940,1514,-0.0469513,-0.093895,0.9,-0.0117378,0.5,-1.19209e-07,5338,5498,886,132,30,28,0.0526724,-0.244209,-9.72525,-0.921618,0.225616,2.78827,-9.61875,12.5508,31.8047,-0.0117378,2.78827,
Wed Oct  2 06:17:42 2019,41407583,656.822,1513,1516,1088,1513,1940,1514,-0.0469513,-0.093895,0.9,-0.0117378,0.5,-1.19209e-07,5338,5498,886,132,30,28,0.402226,1.63763,-5.56891,-0.896077,0.175597,2.86915,-9.61875,12.5508,31.8047,-0.0117378,2.86915,
Wed Oct  2 06:17:42 2019,41417584,656.822,1513,1516,1088,1513,1940,1514,-0.0469513,-0.093895,0.9,-0.0117378,0.5,-1.19209e-07,5344,5502,902,122,6,26,0.134075,3.51469,-10.9415,-0.81626,0.111744,2.94897,-9.61875,12.5508,31.8047,-0.0117378,2.94897,
Wed Oct  2 06:17:42 2019,41427585,656.822,1513,1516,1088,1513,1940,1514,-0.0469513,-0.093895,0.9,-0.0117378,0.5,-1.19209e-07,5344,5502,902,122,6,26,-1.39821,1.77171,-11.8034,-0.656626,-0.0159634,3.04687,-9.61875,12.5508,31.8047,-0.0117378,3.04687,
Wed Oct  2 06:17:42 2019,41437586,656.822,1513,1516,1088,1513,1940,1514,-0.0469513,-0.093895,0.9,-0.0117378,0.5,-1.19209e-07,5360,5512,926,120,8,26,0.0191536,3.70622,-6.52181,-0.512956,-0.0819453,3.1235,-9.61875,12.5508,31.8047,-0.0117378,3.1235,
Wed Oct  2 06:17:42 2019,41447587,656.9,1513,1516,1088,1513,1940,1514,-0.0469513,-0.093895,0.9,-0.0117378,0.5,-1.19209e-07,5360,5512,926,120,8,26,2.00634,4.63996,-10.8218,-0.270313,-0.0510828,3.19161,-9.61875,12.5508,31.8047,-0.0117378,3.19161,
Wed Oct  2 06:17:42 2019,41457588,656.9,1513,1516,1088,1513,1940,1514,-0.0469513,-0.093895,0.9,-0.0117378,0.5,-1.19209e-07,5356,5492,924,112,30,12,2.10211,0.632069,-10.6829,0.157505,-0.0723673,3.25759,-9.61875,12.5508,31.8047,-0.0117378,3.25759,
Wed Oct  2 06:17:42 2019,41467589,656.9,1513,1516,1088,1513,1940,1514,-0.0469513,-0.093895,0.9,-0.0117378,0.5,-1.19209e-07,5356,5492,924,112,30,12,1.03908,1.64242,-9.26077,0.443782,-0.061725,3.31293,-9.61875,12.5508,31.8047,-0.0117378,3.31293,
Wed Oct  2 06:17:42 2019,41477590,656.9,1513,1516,1088,1513,1940,1514,-0.0469513,-0.093895,0.9,-0.0117378,0.5,-1.19209e-07,5346,5500,920,106,8,28,0.656011,2.81079,-11.0564,0.552332,-0.0372479,3.37678,-9.61875,12.5508,31.8047,-0.0117378,3.37678,
Wed Oct  2 06:17:42 2019,41487591,656.9,1513,1516,1088,1513,1940,1514,-0.0469513,-0.093895,0.9,-0.0117378,0.5,-1.19209e-07,5346,5500,920,106,8,28,-0.967257,2.7677,-6.95276,0.58958,-0.0138349,3.46724,-9.61875,12.5508,31.8047,-0.0117378,3.46724,
Wed Oct  2 06:17:42 2019,41497592,656.9,1513,1516,1088,1513,1940,1514,-0.0469513,-0.093895,0.9,-0.0117378,0.5,-1.19209e-07,5354,5510,924,118,30,26,0.0766145,-0.742203,-11.7555,0.595966,0.0457616,3.55877,-9.61875,12.5508,31.8047,-0.0117378,3.55877,
Wed Oct  2 06:17:42 2019,41507593,655.648,1513,1516,1088,1513,1940,1514,-0.0469513,-0.093895,0.9,-0.0117378,0.5,-1.19209e-07,5354,5510,924,118,30,26,-0.143652,0.196325,-11.631,0.577874,0.0957802,3.5875,-9.61875,12.5508,31.8047,-0.0117378,3.5875,
Wed Oct  2 06:17:42 2019,41517594,655.648,1513,1516,1088,1513,1940,1514,-0.0469513,-0.093895,0.9,-0.0117378,0.5,-1.19209e-07,5340,5524,924,116,8,28,0.895431,-2.33674,-9.2081,0.625764,0.189432,3.63433,-9.61875,12.5508,31.8047,-0.0117378,3.63433,
Wed Oct  2 06:17:42 2019,41527595,655.648,1513,1516,1088,1513,1940,1514,-0.0469513,-0.093895,0.9,-0.0117378,0.5,-1.19209e-07,5340,5524,924,116,8,28,0.924162,-0.45011,-11.8513,0.500185,0.260735,3.69712,-9.61875,12.5508,31.8047,-0.0117378,3.69712,
Wed Oct  2 06:17:42 2019,41537596,655.648,1513,1516,1088,1513,1940,1514,-0.0469513,-0.093895,0.9,-0.0117378,0.5,-1.19209e-07,5344,5512,928,114,8,28,-1.09654,0.0430956,-7.11078,0.154313,0.247964,3.7748,-9.61875,12.5508,31.8047,-0.0117378,3.7748,
Wed Oct  2 06:17:42 2019,41547597,656.709,1513,1516,1088,1513,1940,1514,-0.0469513,-0.093895,0.9,-0.0117378,0.5,-1.19209e-07,5344,5512,928,114,8,28,1.64242,-3.8403,-11.5831,-0.094716,0.252221,3.86952,-9.61875,12.5508,31.8047,-0.0117378,3.86952,
Wed Oct  2 06:17:42 2019,41557598,656.709,1513,1516,1088,1513,1940,1514,-0.0469513,-0.093895,0.9,-0.0117378,0.5,-1.19209e-07,5350,5498,940,114,30,12,0.933739,-1.2402,-11.0468,-0.334166,0.220294,3.91954,-9.61875,12.5508,31.8047,-0.0117378,3.91954,
Wed Oct  2 06:17:42 2019,41567599,656.709,1513,1516,1088,1513,1940,1514,-0.0469513,-0.093895,0.9,-0.0117378,0.5,-1.19209e-07,5350,5498,940,114,30,12,1.68073,-2.90656,-8.32703,-0.417176,0.138349,3.93337,-9.61875,12.5508,31.8047,-0.0117378,3.93337,
Wed Oct  2 06:17:42 2019,41577600,656.709,1513,1516,1088,1513,1940,1514,-0.0469513,-0.093895,0.9,-0.0117378,0.5,-1.19209e-07,5346,5498,954,104,26,10,0.837971,-0.679953,-9.7444,-0.68536,0.0872664,3.98765,-9.61875,12.5508,31.8047,-0.0117378,3.98765,
Wed Oct  2 06:17:42 2019,41587601,656.709,1513,1516,1088,1513,1940,1514,-0.0469513,-0.093895,0.9,-0.0117378,0.5,-1.19209e-07,5346,5498,954,104,26,10,-0.967257,-1.33118,-9.6199,-0.850315,0.0170276,4.09301,-9.61875,12.5508,31.8047,-0.0117378,4.09301,
Wed Oct  2 06:17:42 2019,41597602,656.709,1513,1516,1088,1513,1940,1514,-0.0469513,-0.093895,0.9,-0.0117378,0.5,-1.19209e-07,5350,5504,952,100,8,28,1.10612,-1.65679,-8.97347,-1.03336,-0.0968444,4.1409,-9.61875,12.5508,31.8047,-0.0117378,4.1409,
Wed Oct  2 06:17:42 2019,41607603,656.613,1513,1516,1088,1513,1940,1514,-0.0469513,-0.093895,0.9,-0.0117378,0.5,-1.19209e-07,5350,5504,952,100,8,28,1.19231,-1.34554,-10.3813,-0.984407,-0.22668,4.1824,-9.61875,12.5508,31.8047,-0.0117378,4.1824,
Wed Oct  2 06:17:42 2019,41617604,656.613,1513,1516,1088,1513,1940,1514,-0.0469513,-0.093895,0.9,-0.0117378,0.5,-1.19209e-07,5338,5510,970,104,28,10,0.459687,-1.37427,-8.18817,-0.883306,-0.325653,4.22391,-9.61875,12.5508,31.8047,-0.0117378,4.22391,
Wed Oct  2 06:17:42 2019,41627605,656.613,1513,1516,1088,1513,1940,1514,-0.0469513,-0.093895,0.9,-0.0117378,0.5,-1.19209e-07,5338,5510,970,104,28,10,0.3304,2.55701,-11.8178,-0.846058,-0.319267,4.26009,-9.61875,12.5508,31.8047,-0.0117378,4.26009,
Wed Oct  2 06:17:42 2019,41637606,656.613,1513,1516,1088,1513,1940,1514,-0.0469513,-0.093895,0.9,-0.0117378,0.5,-1.19209e-07,5368,5504,950,98,30,12,1.00556,-0.148441,-8.41801,-0.699195,-0.355451,4.33459,-9.61875,12.5508,31.8047,-0.0117378,4.33459,
Wed Oct  2 06:17:42 2019,41647607,654.953,1513,1516,1088,1513,1940,1514,-0.0469513,-0.093895,0.9,-0.0117378,0.5,-1.19209e-07,5368,5504,950,98,30,12,1.70467,1.91536,-12.8856,-0.506571,-0.356515,4.4144,-9.61875,12.5508,31.8047,-0.0117378,4.4144,
Wed Oct  2 06:17:42 2019,41657608,654.953,1513,1516,1088,1513,1940,1514,-0.0469513,-0.093895,0.9,-0.0117378,0.5,-1.19209e-07,5346,5490,958,98,28,10,0.718261,0.244209,-10.8218,-0.170276,-0.444846,4.44314,-9.61875,12.5508,31.8047,-0.0117378,4.44314,
Wed Oct  2 06:17:42 2019,41667609,654.953,1513,1516,1088,1513,1940,1514,-0.0469513,-0.093895,0.9,-0.0117378,0.5,-1.19209e-07,5346,5490,958,98,28,10,0.244209,2.99754,-8.37013,-0.00532112,-0.437396,4.46655,-9.61875,12.5508,31.8047,-0.0117378,4.46655,
Wed Oct  2 06:17:42 2019,41677610,654.953,1513,1516,1088,1513,1940,1514,-0.0469513,-0.093895,0.9,-0.0117378,0.5,-1.19209e-07,5350,5506,942,88,8,28,0.526724,0.47884,-9.11712,0.148991,-0.385249,4.56552,-19.0594,41.7762,28.1748,-0.0117378,4.56552,
Wed Oct  2 06:17:42 2019,41687611,654.953,1513,1516,1088,1513,1940,1514,-0.0469513,-0.093895,0.9,-0.0117378,0.5,-1.19209e-07,5350,5506,942,88,8,28,2.59053,-1.15879,-11.2001,0.320332,-0.225616,4.59851,-19.0594,41.7762,28.1748,-0.0117378,4.59851,
Wed Oct  2 06:17:42 2019,41697612,654.953,1513,1516,1088,1513,1940,1514,-0.0469513,-0.093895,0.9,-0.0117378,0.5,-1.19209e-07,5362,5498,936,100,26,10,0.459687,-0.814029,-13.2304,0.574681,-0.297983,4.63363,-19.0594,41.7762,28.1748,-0.0117378,4.63363,
Wed Oct  2 06:17:42 2019,41707613,656.126,1513,1516,1088,1513,1940,1514,-0.0469513,-0.093895,0.9,-0.0117378,0.5,-1.19209e-07,5362,5498,936,100,26,10,-0.339977,1.12527,-7.75721,0.682168,-0.214973,4.70706,-19.0594,41.7762,28.1748,-0.0117378,4.70706,
Wed Oct  2 06:17:42 2019,41717614,656.126,1513,1516,1088,1513,1940,1514,-0.0469513,-0.093895,0.9,-0.0117378,0.5,-1.19209e-07,5368,5494,930,110,28,10,0.282516,-0.584185,-7.86735,0.699195,-0.157505,4.76453,-19.0594,41.7762,28.1748,-0.0117378,4.76453,
Wed Oct  2 06:17:42 2019,41727615,656.126,1513,1516,1088,1513,1940,1514,-0.0469513,-0.093895,0.9,-0.0117378,0.5,-1.19209e-07,5368,5494,930,110,28,10,0.0957681,-1.16358,-8.43238,0.511892,-0.158569,4.81349,-19.0594,41.7762,28.1748,-0.0117378,4.81349,
Wed Oct  2 06:17:42 2019,41737616,656.126,1513,1516,1088,1513,1940,1514,-0.0469513,-0.093895,0.9,-0.0117378,0.5,-1.19209e-07,5344,5488,950,112,8,30,0.517148,-3.3854,-10.568,0.524663,0.019156,4.87628,-19.0594,41.7762,28.1748,-0.0117378,4.87628,
Wed Oct  2 06:17:42 2019,41747617,657.517,1513,1516,1088,1513,1940,1514,-0.0469513,-0.093895,0.9,-0.0117378,0.5,-1.19209e-07,5344,5488,950,112,8,30,0.21069,-1.98719,-12.6318,0.502314,-0.0138349,4.90501,-19.0594,41.7762,28.1748,-0.0117378,4.90501,
Wed Oct  2 06:17:42 2019,41757618,657.517,1513,1516,1088,1513,1940,1514,-0.0469513,-0.093895,0.9,-0.0117378,0.5,-1.19209e-07,5354,5492,956,112,8,28,-1.29287,-0.191536,-6.70376,0.345873,-0.0244772,4.95396,-19.0594,41.7762,28.1748,-0.0117378,4.95396,
Wed Oct  2 06:17:42 2019,41767619,657.517,1513,1516,1088,1513,1940,1514,-0.0469513,-0.093895,0.9,-0.0117378,0.5,-1.19209e-07,5354,5492,956,112,8,28,-0.263362,-0.766145,-6.6463,0.0478901,0.00638535,5.02846,-19.0594,41.7762,28.1748,-0.0117378,5.02846,
Wed Oct  2 06:17:42 2019,41777620,657.517,1513,1516,1088,1513,1940,1514,-0.0469513,-0.093895,0.9,-0.0117378,0.5,-1.19209e-07,5354,5492,966,96,28,10,0.507571,-1.403,-7.54652,-0.255414,0.00212845,5.08061,-19.0594,41.7762,28.1748,-0.0117378,5.08061,
Wed Oct  2 06:17:42 2019,41787621,657.517,1513,1516,1088,1513,1940,1514,-0.0469513,-0.093895,0.9,-0.0117378,0.5,-1.19209e-07,5354,5492,966,96,28,10,1.87227,-1.5706,-15.5671,-0.326717,0.0606608,5.11253,-19.0594,41.7762,28.1748,-0.0117378,5.11253,
Wed Oct  2 06:17:42 2019,41797622,657.517,1513,1516,1088,1513,1940,1514,-0.0469513,-0.093895,0.9,-0.0117378,0.5,-1.19209e-07,5356,5510,976,90,26,28,-0.54109,-0.761356,-9.04051,-0.375671,0.0744957,5.15191,-9.2625,54.1477,28.6934,-0.0117378,5.15191,
Wed Oct  2 06:17:42 2019,41807623,656.856,1513,1516,1088,1513,1940,1514,-0.0469513,-0.093895,0.9,-0.0117378,0.5,-1.19209e-07,5356,5510,976,90,26,28,0.047884,-0.42138,-9.90242,-0.578938,0.0042569,5.20406,-9.2625,54.1477,28.6934,-0.0117378,5.20406,
Wed Oct  2 06:17:42 2019,41817624,656.856,1513,1516,1088,1513,1940,1514,-0.0469513,-0.093895,0.9,-0.0117378,0.5,-1.19209e-07,5356,5514,986,90,28,26,0.325611,0.0909797,-13.2687,-0.866279,-0.019156,5.28281,-9.2625,54.1477,28.6934,-0.0117378,5.28281,
Wed Oct  2 06:17:42 2019,41827625,656.856,1513,1516,1088,1513,1940,1514,-0.0469513,-0.093895,0.9,-0.0117378,0.5,-1.19209e-07,5356,5514,986,90,28,26,0.794875,-1.02472,-11.2527,-0.956738,-0.0478901,5.32857,-9.2625,54.1477,28.6934,-0.0117378,5.32857,
Wed Oct  2 06:17:42 2019,41837626,656.856,1513,1516,1088,1513,1940,1514,-0.0469513,-0.093895,0.9,-0.0117378,0.5,-1.19209e-07,5378,5522,1002,82,26,10,2.63841,-0.0383072,-6.608,-0.996114,0.0276698,5.36156,-9.2625,54.1477,28.6934,-0.0117378,5.36156,
Wed Oct  2 06:17:42 2019,41847627,657.612,1513,1516,1088,1513,1940,1514,-0.0469513,-0.093895,0.9,-0.0117378,0.5,-1.19209e-07,5378,5522,1002,82,26,10,2.32238,2.47082,-9.38527,-0.951416,-0.0212845,5.42435,-9.2625,54.1477,28.6934,-0.0117378,5.42435,
Wed Oct  2 06:17:42 2019,41857628,657.612,1513,1516,1088,1513,1940,1514,-0.0469513,-0.093895,0.9,-0.0117378,0.5,-1.19209e-07,5348,5500,1002,86,8,28,2.74376,1.28329,-11.0229,-0.86415,-0.163891,5.46798,-9.2625,54.1477,28.6934,-0.0117378,5.46798,
Wed Oct  2 06:17:42 2019,41867686,657.612,1513,1516,1088,1513,1940,1514,-0.0469513,-0.093895,0.9,-0.0117378,0.5,-1.19209e-07,5348,5500,1002,86,8,28,2.01592,1.1157,-9.76834,-0.661947,-0.218166,5.51055,-9.2625,54.1477,28.6934,-0.0117378,5.51055,
Wed Oct  2 06:17:42 2019,41877687,657.612,1513,1516,1088,1513,1940,1514,-0.0469513,-0.093895,0.9,-0.0117378,0.5,-1.19209e-07,5350,5520,1004,82,8,28,2.09732,2.53785,-9.66779,-0.395891,-0.194753,5.54461,-9.2625,54.1477,28.6934,-0.0117378,5.54461,
Wed Oct  2 06:17:42 2019,41887689,657.612,1513,1516,1088,1513,1940,1514,-0.0469513,-0.093895,0.9,-0.0117378,0.5,-1.19209e-07,5350,5520,1004,82,8,28,2.29843,4.20901,-6.39252,-0.236258,-0.224551,5.59995,-9.2625,54.1477,28.6934,-0.0117378,5.59995,
Wed Oct  2 06:17:42 2019,41897690,657.612,1513,1516,1088,1513,1940,1514,-0.0469513,-0.093895,0.9,-0.0117378,0.5,-1.19209e-07,5350,5502,1008,80,8,28,2.26013,3.553,-8.28394,-0.136221,-0.311818,5.68402,-9.2625,54.1477,28.6934,-0.0117378,5.68402,
Wed Oct  2 06:17:42 2019,41907691,657.856,1513,1516,1088,1513,1940,1514,-0.0469513,-0.093895,0.9,-0.0117378,0.5,-1.19209e-07,5350,5502,1008,80,8,28,1.84832,2.08296,-10.2903,0.0872664,-0.321396,5.70105,-9.2625,54.1477,28.6934,-0.0117378,5.70105,
Wed Oct  2 06:17:42 2019,41917692,657.856,1513,1516,1088,1513,1940,1514,-0.0469513,-0.093895,0.9,-0.0117378,0.5,-1.19209e-07,5370,5506,1008,80,6,12,0.349553,2.90656,-8.08282,0.26712,-0.296919,5.7383,-9.2625,54.1477,28.6934,-0.0117378,5.7383,
Wed Oct  2 06:17:42 2019,41927693,657.856,1513,1516,1088,1513,1940,1514,-0.0469513,-0.093895,0.9,-0.0117378,0.5,-1.19209e-07,5370,5506,1008,80,6,12,1.51792,1.41737,-8.19296,0.278827,-0.376735,5.82982,4.09688,54.6855,29.9033,-0.0117378,5.82982,
Wed Oct  2 06:17:42 2019,41937694,657.856,1513,1516,1088,1513,1940,1514,-0.0469513,-0.093895,0.9,-0.0117378,0.5,-1.19209e-07,5356,5492,996,80,8,28,1.69988,-0.134075,-8.14986,0.0266056,-0.373543,5.88303,4.09688,54.6855,29.9033,-0.0117378,5.88303,
Wed Oct  2 06:17:42 2019,41947695,656.848,1513,1516,1088,1513,1940,1514,-0.0469513,-0.093895,0.9,-0.0117378,0.5,-1.19209e-07,5356,5492,996,80,8,28,1.21147,0.0909797,-10.7404,0.101101,-0.379928,5.90538,4.09688,54.6855,29.9033,-0.0117378,5.90538,
Wed Oct  2 06:17:42 2019,41957696,656.848,1513,1516,1088,1513,1940,1514,-0.0469513,-0.093895,0.9,-0.0117378,0.5,-1.19209e-07,5356,5498,1002,84,6,28,0.459687,0.92895,-9.29908,-0.0106422,-0.338423,5.98733,4.09688,54.6855,29.9033,-0.0117378,5.98733,
Wed Oct  2 06:17:42 2019,41967697,656.848,1513,1516,1088,1513,1940,1514,-0.0469513,-0.093895,0.9,-0.0117378,0.5,-1.19209e-07,5356,5498,1002,84,6,28,1.58017,0.56982,-10.2089,-0.237322,-0.46613,6.03309,4.09688,54.6855,29.9033,-0.0117378,6.03309,
Wed Oct  2 06:17:42 2019,41977698,656.848,1513,1516,1088,1513,1940,1514,-0.0469513,-0.093895,0.9,-0.0117378,0.5,-1.19209e-07,5362,5510,990,90,8,28,0.837971,0.205901,-8.36534,-0.375671,-0.511892,6.09375,4.09688,54.6855,29.9033,-0.0117378,6.09375,
Wed Oct  2 06:17:42 2019,41987699,656.848,1513,1516,1088,1513,1940,1514,-0.0469513,-0.093895,0.9,-0.0117378,0.5,-1.19209e-07,5362,5510,990,90,8,28,0.866701,0.59855,-7.6806,-0.437396,-0.512956,6.12248,4.09688,54.6855,29.9033,-0.0117378,6.12248,
Wed Oct  2 06:17:42 2019,41997700,656.848,1513,1516,1088,1513,1940,1514,-0.0469513,-0.093895,0.9,-0.0117378,0.5,-1.19209e-07,5350,5506,990,88,8,28,1.2402,1.03908,-7.12514,-0.472516,-0.658755,6.19485,4.09688,54.6855,29.9033,-0.0117378,6.19485,
Wed Oct  2 06:17:42 2019,42007701,658.507,1513,1516,1088,1513,1940,1514,-0.0469513,-0.093895,0.9,-0.0117378,0.5,-1.19209e-07,5350,5506,990,88,8,28,1.73819,0.713472,-10.4866,-0.594901,-0.755599,6.26722,4.09688,54.6855,29.9033,-0.0117378,6.26722,
Wed Oct  2 06:17:42 2019,42017702,658.507,1513,1516,1088,1513,1940,1514,-0.0469513,-0.093895,0.9,-0.0117378,0.5,-1.19209e-07,5350,5500,988,76,8,28,1.62327,1.28329,-9.14585,-0.459745,-0.847123,6.29063,4.09688,54.6855,29.9033,-0.0117378,6.29063,
Wed Oct  2 06:17:42 2019,42027703,658.507,1513,1516,1088,1513,1940,1514,-0.0469513,-0.093895,0.9,-0.0117378,0.5,-1.19209e-07,5350,5500,988,76,8,28,0.45011,2.4756,-7.39808,-0.279891,-0.8716,6.33001,4.09688,54.6855,29.9033,-0.0117378,6.33001,
Wed Oct  2 06:17:42 2019,42037704,658.507,1513,1516,1088,1513,1940,1514,-0.0469513,-0.093895,0.9,-0.0117378,0.5,-1.19209e-07,5350,5494,986,92,30,12,0.531513,2.18351,-6.11958,-0.136221,-1.02698,6.41195,4.09688,54.6855,29.9033,-0.0117378,6.41195,
Wed Oct  2 06:17:42 2019,42047705,656.596,1513,1516,1088,1513,1940,1514,-0.0469513,-0.093895,0.9,-0.0117378,0.5,-1.19209e-07,5350,5494,986,92,30,12,0.919373,2.25055,-10.5632,0.0042569,-1.07593,6.44601,21.375,43.7484,30.7676,-0.0117378,6.44601,
Wed Oct  2 06:17:42 2019,42057706,656.596,1513,1516,1088,1513,1940,1514,-0.0469513,-0.093895,0.9,-0.0117378,0.5,-1.19209e-07,5380,5506,1000,82,26,12,0.105345,0.766145,-9.39964,0.361836,-1.05677,6.46836,21.375,43.7484,30.7676,-0.0117378,6.46836,
Wed Oct  2 06:17:42 2019,42067707,656.596,1513,1516,1088,1513,1940,1514,-0.0469513,-0.093895,0.9,-0.0117378,0.5,-1.19209e-07,5380,5506,1000,82,26,12,-0.0287304,1.13006,-13.3213,0.553397,-0.972701,6.52582,21.375,43.7484,30.7676,-0.0117378,6.52582,
Wed Oct  2 06:17:42 2019,42077708,656.596,1513,1516,1088,1513,1940,1514,-0.0469513,-0.093895,0.9,-0.0117378,0.5,-1.19209e-07,5338,5506,1010,88,8,28,-0.919373,1.71904,-7.32626,0.736443,-0.955673,6.57903,21.375,43.7484,30.7676,-0.0117378,6.57903,
Wed Oct  2 06:17:42 2019,42087709,656.596,1513,1516,1088,1513,1940,1514,-0.0469513,-0.093895,0.9,-0.0117378,0.5,-1.19209e-07,5338,5506,1010,88,8,28,0.162806,2.1069,-10.659,0.850315,-0.917361,6.61203,21.375,43.7484,30.7676,-0.0117378,6.61203,
Wed Oct  2 06:17:42 2019,42097710,656.596,1513,1516,1088,1513,1940,1514,-0.0469513,-0.093895,0.9,-0.0117378,0.5,-1.19209e-07,5350,5494,998,80,28,10,-0.268151,2.60489,-5.33428,0.812003,-0.76837,6.6514,21.375,43.7484,30.7676,-0.0117378,6.6514,
Wed Oct  2 06:17:42 2019,42107711,657.013,1513,1516,1088,1513,1940,1514,-0.0469513,-0.093895,0.9,-0.0117378,0.5,-1.19209e-07,5350,5494,998,80,28,10,1.13485,-1.89621,-10.2376,0.983343,-0.650241,6.6812,21.375,43.7484,30.7676,-0.0117378,6.6812,
Wed Oct  2 06:17:42 2019,42117712,657.013,1513,1516,1088,1513,1940,1514,-0.0469513,-0.093895,0.9,-0.0117378,0.5,-1.19209e-07,5350,5510,1016,74,28,30,0.268151,-0.636858,-12.7659,0.983343,-0.510828,6.73228,21.375,43.7484,30.7676,-0.0117378,6.73228,
Wed Oct  2 06:17:42 2019,42127713,657.013,1513,1516,1088,1513,1940,1514,-0.0469513,-0.093895,0.9,-0.0117378,0.5,-1.19209e-07,5350,5510,1016,74,28,30,-0.823605,-0.919373,-9.51456,0.952481,-0.448038,6.76421,21.375,43.7484,30.7676,-0.0117378,6.76421,
Wed Oct  2 06:17:42 2019,42137714,657.013,1513,1516,1088,1513,1940,1514,-0.0469513,-0.093895,0.9,-0.0117378,0.5,-1.19209e-07,5368,5514,1020,82,6,28,0.0622492,-1.78607,-9.63427,0.842866,-0.395891,6.78762,21.375,43.7484,30.7676,-0.0117378,6.78762,
Wed Oct  2 06:17:42 2019,42147715,657.769,1513,1516,1088,1513,1940,1514,-0.0469513,-0.093895,0.9,-0.0117378,0.5,-1.19209e-07,5368,5514,1020,82,6,28,0.282516,0.517148,-13.5272,0.664076,-0.333102,6.83232,21.375,43.7484,30.7676,-0.0117378,6.83232,
Wed Oct  2 06:17:42 2019,42157716,657.769,1513,1516,1088,1513,1940,1514,-0.0469513,-0.093895,0.9,-0.0117378,0.5,-1.19209e-07,5356,5514,1026,76,8,28,0.588974,0.301669,-6.36379,0.683232,-0.207524,6.84083,21.375,43.7484,30.7676,-0.0117378,6.84083,
Wed Oct  2 06:17:42 2019,42167717,657.769,1513,1516,1088,1513,1940,1514,-0.0469513,-0.093895,0.9,-0.0117378,0.5,-1.19209e-07,5356,5514,1026,76,8,28,0.21069,-1.13006,-8.99262,0.682168,-0.0883306,6.86744,21.375,43.7484,30.7676,-0.0117378,6.86744,
Wed Oct  2 06:17:42 2019,42177718,657.769,1513,1516,1088,1513,1940,1514,-0.0469513,-0.093895,0.9,-0.0117378,0.5,-1.19209e-07,5362,5506,1002,76,28,12,-0.368707,2.14999,-10.228,0.537433,-0.0862022,6.91214,29.0344,29.2254,29.2119,-0.0117378,6.91214,
Wed Oct  2 06:17:42 2019,42187719,657.769,1513,1516,1088,1513,1940,1514,-0.0469513,-0.093895,0.9,-0.0117378,0.5,-1.19209e-07,5362,5506,1002,76,28,12,-1.09654,1.89621,-7.52737,0.475708,-0.0436332,6.96322,29.0344,29.2254,29.2119,-0.0117378,6.96322,
Wed Oct  2 06:17:42 2019,42197720,657.769,1513,1516,1088,1513,1940,1514,-0.0469513,-0.093895,0.9,-0.0117378,0.5,-1.19209e-07,5348,5514,996,78,6,28,-0.483629,1.70946,-6.41167,0.475708,0.00319267,7.00472,29.0344,29.2254,29.2119,-0.0117378,7.00472,
Wed Oct  2 06:17:42 2019,42207721,657.734,1513,1516,1088,1513,1940,1514,-0.0469513,-0.093895,0.9,-0.0117378,0.5,-1.19209e-07,5348,5514,996,78,6,28,-0.158017,1.40779,-10.4866,0.455488,0.0510828,7.03027,29.0344,29.2254,29.2119,-0.0117378,7.03027,
Wed Oct  2 06:17:42 2019,42217722,657.734,1513,1516,1088,1513,1940,1514,-0.0469513,-0.093895,0.9,-0.0117378,0.5,-1.19209e-07,5378,5514,1008,78,8,28,0.407014,2.49955,-10.9607,0.508699,0.108551,7.05261,29.0344,29.2254,29.2119,-0.0117378,7.05261,
Wed Oct  2 06:17:42 2019,42227723,657.734,1513,1516,1088,1513,1940,1514,-0.0469513,-0.093895,0.9,-0.0117378,0.5,-1.19209e-07,5378,5514,1008,78,8,28,0,2.40857,-10.7212,0.699195,0.220294,7.08667,29.0344,29.2254,29.2119,-0.0117378,7.08667,
Wed Oct  2 06:17:42 2019,42237724,657.734,1513,1516,1088,1513,1940,1514,-0.0469513,-0.093895,0.9,-0.0117378,0.5,-1.19209e-07,5354,5510,1004,82,28,10,0.205901,2.22661,-6.62715,0.908848,0.300111,7.11434,29.0344,29.2254,29.2119,-0.0117378,7.11434,
Wed Oct  2 06:17:42 2019,42247725,656.344,1513,1516,1088,1513,1940,1514,-0.0469513,-0.093895,0.9,-0.0117378,0.5,-1.19209e-07,5354,5510,1004,82,28,10,-0.47884,0.392649,-7.57047,1.05145,0.433139,7.14946,29.0344,29.2254,29.2119,-0.0117378,7.14946,
Wed Oct  2 06:17:42 2019,42257726,656.344,1513,1516,1088,1513,1940,1514,-0.0469513,-0.093895,0.9,-0.0117378,0.5,-1.19209e-07,5356,5514,1002,78,8,28,-0.320823,-0.957681,-6.34942,1.03762,0.509763,7.18458,29.0344,29.2254,29.2119,-0.0117378,7.18458,
Wed Oct  2 06:17:42 2019,42267727,656.344,1513,1516,1088,1513,1940,1514,-0.0469513,-0.093895,0.9,-0.0117378,0.5,-1.19209e-07,5356,5514,1002,78,8,28,0.670376,-0.679953,-8.01579,1.01953,0.626828,7.21118,29.0344,29.2254,29.2119,-0.0117378,7.21118,
Wed Oct  2 06:17:42 2019,42277728,656.344,1513,1516,1088,1513,1940,1514,-0.0469513,-0.093895,0.9,-0.0117378,0.5,-1.19209e-07,5350,5512,990,74,26,10,0.909797,-0.368707,-10.5872,1.0738,0.732186,7.22502,29.0344,29.2254,29.2119,-0.0117378,7.22502,
Wed Oct  2 06:17:42 2019,42287729,656.344,1513,1516,1088,1513,1940,1514,-0.0469513,-0.093895,0.9,-0.0117378,0.5,-1.19209e-07,5350,5512,990,74,26,10,-0.0766145,-1.18752,-8.00142,1.04826,0.813067,7.2346,29.0344,29.2254,29.2119,-0.0117378,7.2346,
Wed Oct  2 06:17:42 2019,42297730,656.344,1513,1516,1088,1513,1940,1514,-0.0469513,-0.093895,0.9,-0.0117378,0.5,-1.19209e-07,5368,5514,1002,82,8,28,0.186748,-1.85311,-6.50744,0.907783,0.892884,7.26439,29.0344,29.2254,29.2119,-0.0117378,7.26439,
Wed Oct  2 06:17:42 2019,42307731,657.482,1513,1516,1088,1513,1940,1514,-0.0469513,-0.093895,0.9,-0.0117378,0.5,-1.19209e-07,5368,5514,1002,82,8,28,0.153229,-2.35111,-5.95199,0.525727,0.906719,7.291,29.0344,29.2254,29.2119,-0.0117378,7.291,
Wed Oct  2 06:17:42 2019,42317732,657.482,1513,1516,1088,1513,1940,1514,-0.0469513,-0.093895,0.9,-0.0117378,0.5,-1.19209e-07,5350,5502,1010,76,8,28,0.469264,-3.56257,-7.66623,0.249028,0.999307,7.34421,29.0344,29.2254,29.2119,-0.0117378,7.34421,
Wed Oct  2 06:17:42 2019,42327733,657.482,1513,1516,1088,1513,1940,1514,-0.0469513,-0.093895,0.9,-0.0117378,0.5,-1.19209e-07,5350,5502,1010,76,8,28,1.9824,-4.72137,-7.94396,0.0574681,1.00144,7.3357,29.0344,29.2254,29.2119,-0.0117378,7.3357,
Wed Oct  2 06:17:42 2019,42337734,657.482,1513,1516,1088,1513,1940,1514,-0.0469513,-0.093895,0.9,-0.0117378,0.5,-1.19209e-07,5354,5500,1020,76,8,26,0.837971,-2.85868,-3.51469,-0.259671,0.888627,7.33251,29.0344,29.2254,29.2119,-0.0117378,7.33251,
Wed Oct  2 06:17:42 2019,42347735,656.474,1513,1516,1088,1513,1940,1088,-0.0469513,-0.093895,0.9,-0.0117378,0.5,-0.5,5354,5500,1020,76,8,26,1.55623,-3.97437,-6.02381,-0.612993,0.83648,7.40487,29.0344,29.2254,29.2119,-0.0117378,7.40487,
