23219349,1.51411,1722
23229350,1.5219,1686
23239351,1.51069,1686
23249352,1.51878,1716
23259353,1.53516,1716
23269354,1.52756,1722
23279355,1.52773,1722
23289356,1.54693,1718
23299357,1.53809,1718
23309358,1.55787,1698
23319359,1.54638,1698
23329360,1.54162,1732
23339361,1.5455,1732
23349362,1.55135,1706
23359363,1.5568,1706
23369364,1.57634,1720
23379365,1.57526,1720
23389366,1.57028,1716
23399367,1.58202,1716
23409368,1.58733,1710
23419369,1.58563,1710
23429370,1.59156,1708
23439371,1.5994,1708
23449372,1.602,1708
23459373,1.59541,1708
23469374,1.61245,1710
23479375,1.61804,1710
23489376,1.60902,1732
23499377,1.62138,1732
23509378,1.61532,1738
23519379,1.62811,1738
23529380,1.62242,1744
23539381,1.63864,1744
23549382,1.63886,1750
23559383,1.64296,1750
23569384,1.64953,1744
23579385,1.65268,1744
23589386,1.65686,1714
23599387,1.64001,1714
23609388,1.66228,1748
23619389,1.65736,1748
23629390,1.66582,1742
23639391,1.65699,1742
23649392,1.67019,1766
23659393,1.66912,1766
23669394,1.66405,1724
23679395,1.67435,1724
23689396,1.66774,1728
23699397,1.67343,1728
23709398,1.69611,1716
23719399,1.68891,1716
23729400,1.6954,1760
23739401,1.68908,1760
23749402,1.69385,1738
23759403,1.69243,1738
23769404,1.70353,1762
23779405,1.70095,1762
23789406,1.70163,1722
23799407,1.70066,1722
23809408,1.70257,1718
23819409,1.72231,1718
23829410,1.71444,1766
23839411,1.71911,1766
23849412,1.72148,1718
23859413,1.7352,1718
23869414,1.72128,1718
23879415,1.71882,1718
23889416,1.72976,1726
23899417,1.72395,1726
23909418,1.72239,1724
23919419,1.73458,1724
23929420,1.73951,1726
23939421,1.7369,1726
23949422,1.74809,1754
23959423,1.73145,1754
23969424,1.73994,1760
23979425,1.7476,1760
23989426,1.75142,1760
23999427,1.74559,1760
24009428,1.75453,1768
24019429,1.75937,1768
24029430,1.74759,1768
24039431,1.7633,1768
24049432,1.75712,1758
24059433,1.76379,1758
24069434,1.74942,1756
24079435,1.75186,1756
24089436,1.76549,1762
24099437,1.76166,1762
24109438,1.75827,1782
24119439,1.74995,1782
24129440,1.75955,1780
24139441,1.77287,1780
24149442,1.76289,1772
24159443,1.76871,1772
24169444,1.76917,1748
24179445,1.76742,1748
24189446,1.75946,1750
24199447,1.76948,1750
24209448,1.76361,1770
24219449,1.75962,1770
24229450,1.76229,1762
24239451,1.7689,1762
24249452,1.76681,1766
24259453,1.76725,1766
24269454,1.75327,1776
24279455,1.77322,1776
24289456,1.74923,1736
24299457,1.7556,1736
24309458,1.76134,1748
24319459,1.76588,1748
24329460,1.76944,1736
24339461,1.76111,1736
24349462,1.74433,1798
24359463,1.76009,1798
24369464,1.74271,1722
24379500,1.74407,1722
24389501,1.74444,1756
24399502,1.76037,1756
24409503,1.75517,1740
24419504,1.75261,1740
24429505,1.754,1732
24439506,1.75232,1732
24449507,1.74171,1748
24459508,1.72876,1748
24469509,1.73645,1774
24479510,1.74471,1774
24489511,1.73474,1768
24499512,1.73578,1768
24509513,1.74325,1806
24519514,1.73262,1806
24529515,1.72236,1762
24539516,1.73717,1762
24549517,1.7325,1756
24559518,1.72676,1756
24569519,1.72163,1724
24579520,1.71506,1724
24589521,1.70645,1770
24599522,1.71386,1770
24609523,1.70638,1740
24619524,1.71573,1740
24629525,1.71347,1780
24639526,1.69492,1780
24649527,1.68743,1746
24659528,1.68246,1746
24669529,1.69505,1768
24679530,1.69116,1768
24689531,1.68351,1780
24699532,1.68967,1780
24709533,1.66999,1782
24719534,1.67268,1782
24729535,1.68283,1736
24739536,1.67748,1736
24749537,1.65372,1756
24759538,1.65594,1756
24769539,1.65906,1746
24779540,1.6437,1746
24789541,1.64407,1768
24799542,1.63794,1768
24809543,1.63135,1766
24819544,1.65144,1766
24829545,1.64756,1756
24839546,1.6443,1756
24849547,1.62837,1726
24859548,1.61319,1726
24869549,1.62243,1750
24879550,1.61793,1750
24889551,1.6245,1726
24899552,1.61542,1726
24909553,1.61574,1776
24919554,1.61106,1776
24929555,1.59119,1736
24939556,1.57998,1736
24949557,1.58583,1750
24959558,1.59407,1750
24969559,1.58734,1762
24979560,1.57952,1762
24989561,1.57778,1750
24999562,1.57251,1750
25009563,1.55784,1720
25019564,1.54895,1720
25029565,1.55918,1718
25039566,1.55346,1718
25049567,1.54803,1728
25059568,1.54321,1728
25069569,1.5368,1742
25079570,1.52923,1742
25089571,1.53048,1712
25099572,1.52889,1712
25109573,1.53034,1722
25119574,1.50615,1722
25129575,1.50965,1750
25139576,1.51346,1750
25149577,1.50078,1736
25159578,1.49663,1736
25169579,1.49227,1740
25179580,1.48301,1740
25189581,1.47798,1698
25199582,1.47227,1698
25209583,1.46403,1742
25219584,1.47315,1742
25229585,1.45942,1736
25239586,1.45604,1736
25249587,1.45161,1744
25259588,1.45732,1744
25269589,1.45043,1742
25279590,1.44001,1742
25289591,1.44698,1722
25299592,1.42711,1722
25309593,1.41865,1710
25319594,1.43147,1710
25329595,1.41137,1746
25339596,1.40655,1746
25349597,1.41936,1730
25359598,1.40206,1730
25369599,1.41271,1740
25379698,1.38943,1740
25389699,1.39303,1704
25399700,1.39673,1704
25409701,1.38262,1714
25419702,1.39177,1714
25429703,1.38722,1708
25439704,1.37805,1708
25449705,1.36433,1698
25459706,1.36803,1698
25469707,1.36559,1716
25479708,1.36558,1716
25489709,1.34645,1714
25499710,1.35632,1714
25509711,1.35616,1728
25519712,1.35178,1728
25529713,1.33597,1722
25539714,1.34771,1722
25549715,1.32539,1716
25559716,1.3353,1716
25569717,1.33619,1694
25579718,1.33867,1694
25589719,1.31878,1722
25599720,1.33321,1722
25609721,1.32471,1720
25619722,1.32663,1720
25629723,1.30682,1694
25639724,1.30459,1694
25649725,1.30764,1716
25659726,1.30309,1716
25669727,1.29595,1708
25679728,1.28939,1708
25689729,1.2988,1684
25699730,1.28667,1684
25709731,1.30283,1696
25719732,1.28039,1696
25729733,1.27977,1686
25739734,1.27759,1686
25749735,1.29292,1648
25759736,1.28846,1648
25769737,1.26944,1694
25779738,1.28354,1694
25789739,1.28088,1648
25799740,1.27147,1648
25809741,1.27212,1708
25819742,1.28323,1708
25829743,1.26604,1708
25839744,1.27675,1708
25849745,1.26955,1690
25859746,1.25746,1690
25869747,1.2549,1692
25879748,1.26701,1692
25889749,1.26225,1708
25899750,1.25526,1708
25909751,1.25434,1708
25919752,1.25761,1708
25929753,1.26587,1698
25939754,1.25576,1698
25949755,1.27073,1682
25959756,1.25576,1682
25969757,1.2666,1682
25979758,1.27324,1682
25989759,1.27372,1690
25999760,1.26817,1690
26009761,1.26136,1682
26019762,1.25253,1682
26029763,1.26162,1684
26039764,1.27465,1684
26049765,1.25975,1682
26059766,1.2665,1682
26069767,1.2726,1648
26079768,1.27863,1648
26089769,1.26106,1688
26099770,1.25848,1688
26109771,1.2741,1690
26119772,1.26447,1690
26129773,1.27263,1648
26139774,1.27606,1648
26149775,1.26479,1686
26159776,1.2868,1686
26169777,1.275,1648
26179778,1.27147,1648
26189779,1.28412,1686
26199780,1.27438,1686
26209970,1.29827,1690
26220253,1.28488,1690
26230254,1.30498,1648
26240257,1.29742,1648
26250258,1.29605,1648
26260259,1.31157,1648
26270260,1.30874,1648
26280261,1.3157,1648
26290262,1.29895,1648
26300263,1.30445,1648
26310264,1.30511,1684
26320265,1.30922,1684
26330266,1.30968,1648
26340267,1.32143,1648
26350268,1.31915,1690
26360269,1.33466,1690
26370270,1.32744,1684
26380271,1.34482,1684
26390272,1.33831,1690
26400273,1.3555,1690
26410274,1.35058,1648
26420275,1.34422,1648
26430276,1.36564,1702
26440277,1.35927,1702
26450278,1.37074,1690
26460279,1.37107,1690
26470280,1.37988,1682
26480281,1.37225,1682
26490282,1.38856,1648
26500283,1.37436,1648
26510284,1.39397,1648
26520285,1.38004,1648
26530286,1.39758,1690
26540287,1.40805,1690
26550288,1.41159,1698
26560289,1.41737,1698
26570290,1.41636,1694
26580291,1.43172,1694
26590292,1.42033,1648
26600293,1.42158,1648
26610294,1.42461,1698
26620295,1.44691,1698
26630296,1.43114,1686
26640297,1.44414,1686
26650298,1.44947,1648
26660299,1.46681,1648
26670300,1.45928,1690
26680301,1.4676,1690
26690302,1.46458,1696
26700303,1.47408,1696
26710304,1.47808,1694
26720305,1.49306,1694
26730306,1.50026,1698
26740307,1.48921,1698
26750308,1.50587,1696
26760309,1.50932,1696
26770310,1.52357,1708
26780311,1.50847,1708
26790312,1.52337,1688
26800313,1.52868,1688
26810314,1.53506,1696
26820315,1.54944,1696
26830316,1.54431,1688
26840317,1.55893,1688
26850318,1.5606,1722
26860319,1.56518,1722
26870320,1.55941,1716
26880321,1.5765,1716
26890322,1.58419,1712
26900323,1.57172,1712
26910324,1.57394,1692
26920325,1.58206,1692
26930326,1.60621,1716
26940327,1.60586,1716
26950328,1.59492,1732
26960329,1.59901,1732
26970330,1.60569,1718
26980331,1.61911,1718
26990332,1.61707,1718
27000333,1.62129,1718
27010334,1.64208,1720
27020335,1.648,1720
27030336,1.63503,1708
27040337,1.65155,1708
27050338,1.65111,1728
27060339,1.65532,1728
27070340,1.65474,1698
27080341,1.65194,1698
27090342,1.66186,1726
27100343,1.66545,1726
27110344,1.68707,1716
27120345,1.69094,1716
27130346,1.68206,1716
27140347,1.6941,1716
27150348,1.69731,1762
27160349,1.69147,1762
27170350,1.68989,1756
27180351,1.71046,1756
27190352,1.7099,1742
27200353,1.71187,1742
27210354,1.71871,1732
27220355,1.71585,1732
27230356,1.70663,1730
27240357,1.70925,1730
27250358,1.73113,1746
27260359,1.72731,1746
27270360,1.74052,1732
27280361,1.72431,1732
27290362,1.7237,1736
27300363,1.72633,1736
27310364,1.72964,1750
27320365,1.75064,1750
27330366,1.73398,1750
27340367,1.7438,1750
27350368,1.74156,1762
27360369,1.75853,1762
27370370,1.75995,1748
27380371,1.74134,1748
27390372,1.75563,1750
27400373,1.75046,1750
27410374,1.76237,1758
27420375,1.76159,1758
27430376,1.75427,1754
27440377,1.76807,1754
27450378,1.75054,1748
27460379,1.75203,1748
27470380,1.74881,1746
27480381,1.75548,1746
27490382,1.76593,1764
27500383,1.75831,1764
27510384,1.77122,1744
27520385,1.76216,1744
27530386,1.77133,1748
27540387,1.7671,1748
27550388,1.76433,1750
27560389,1.76578,1750
27570390,1.75768,1750
27580391,1.74926,1750
27590392,1.74845,1764
27600393,1.76628,1764
27610394,1.75089,1780
27620395,1.75326,1780
27630396,1.76031,1790
27640397,1.76076,1790
27650398,1.74623,1776
27660399,1.75831,1776
27670400,1.73808,1746
27680401,1.7374,1746
27690402,1.74916,1774
27700403,1.74282,1774
27710404,1.72824,1758
27720405,1.73418,1758
27730406,1.72443,1774
27740407,1.73742,1774
27750408,1.74242,1784
27760409,1.72525,1784
27770410,1.71622,1744
27780411,1.71491,1744
27790412,1.70762,1772
27800413,1.71164,1772
27810414,1.70305,1750
27820415,1.70627,1750
27830416,1.70065,1772
27840417,1.70918,1772
27850418,1.69562,1758
27860419,1.70545,1758
27870420,1.68049,1770
27880421,1.69819,1770
27890422,1.68887,1774
27900423,1.6859,1774
27910424,1.67957,1764
27920425,1.66221,1764
27930426,1.67353,1746
27940427,1.66048,1746
27950428,1.6629,1764
27960429,1.65967,1764
27970430,1.65023,1770
27980431,1.63582,1770
27990432,1.6444,1758
28000433,1.63545,1758
28010434,1.61661,1740
28020435,1.61809,1740
28030436,1.61077,1738
28040437,1.60565,1738
28050438,1.60504,1790
28060439,1.59112,1790
28070440,1.59089,1740
28080441,1.59214,1740
28090442,1.5857,1790
28100443,1.58475,1790
28110444,1.58536,1748
28120445,1.56124,1748
28130446,1.56473,1740
28140447,1.5586,1740
28150448,1.55585,1774
28160449,1.55299,1774
28170450,1.54442,1748
28180451,1.53571,1748
28190452,1.5411,1756
28200453,1.51481,1756
28210454,1.52916,1732
28220455,1.52364,1732
28230456,1.49732,1744
28240457,1.51251,1744
28250458,1.50408,1746
28260459,1.48694,1746
28270460,1.49576,1732
28280461,1.48154,1732
28290462,1.4747,1712
28300463,1.47852,1712
28310464,1.45439,1750
28320465,1.46582,1750
28330466,1.45979,1718
28340467,1.4369,1718
28350468,1.44194,1732
28360469,1.42221,1732
28370470,1.43326,1730
28380491,1.42206,1730
28390492,1.41204,1724
28400493,1.40805,1724
28410494,1.39984,1710
28420495,1.39051,1710
28430496,1.39233,1736
28440497,1.38596,1736
28450498,1.38054,1728
28460499,1.39171,1728
28470500,1.37494,1726
28480501,1.37266,1726
28490502,1.35973,1732
28500503,1.35649,1732
28510504,1.34837,1734
28520505,1.36388,1734
28530506,1.35413,1732
28540507,1.35177,1732
28550508,1.33911,1724
28560509,1.32833,1724
28570510,1.33288,1726
28580511,1.32122,1726
28590512,1.32008,1688
28600513,1.32267,1688
28610514,1.30539,1712
28620515,1.29962,1712
28630516,1.29659,1704
28640517,1.29627,1704
28650518,1.30434,1694
28660519,1.29417,1694
28670520,1.29091,1698
28680521,1.28199,1698
28690522,1.27851,1706
28700523,1.29038,1706
28710524,1.29591,1716
28720525,1.29167,1716
28730526,1.27734,1682
28740527,1.27811,1682
28750528,1.27129,1698
28760529,1.26541,1698
28770530,1.26747,1698
28780531,1.27175,1698
28790532,1.27176,1698
28800533,1.26971,1698
28810534,1.25755,1684
28820535,1.25641,1684
28830536,1.25997,1708
28840537,1.27367,1708
28850538,1.26258,1696
28860539,1.26227,1696
28870540,1.26157,1692
28880541,1.25517,1692
28890542,1.26172,1698
28900543,1.25688,1698
28910544,1.26756,1690
28920545,1.26857,1690
28930546,1.25681,1698
28940547,1.27613,1698
28950548,1.27363,1698
28960549,1.27221,1698
28970550,1.27028,1698
28980551,1.27792,1698
28990552,1.26715,1684
29000553,1.26262,1684
29010554,1.27642,1698
29020555,1.27404,1698
29030556,1.28736,1682
29040557,1.28299,1682
29050558,1.28275,1688
29060559,1.27279,1688
29070560,1.28986,1692
29080561,1.28781,1692
29090562,1.29339,1688
29100563,1.29982,1688
29110564,1.3038,1690
29120565,1.3008,1690
29130566,1.302,1648
29140567,1.31468,1648
29150568,1.30483,1694
29160569,1.31027,1694
29170570,1.32413,1648
29180571,1.31891,1648
29190572,1.3415,1648
29200573,1.33919,1648
29210574,1.3357,1648
29220575,1.34719,1648
29230576,1.35831,1696
29240577,1.35135,1696
29250578,1.35303,1692
29260579,1.35915,1692
29270580,1.36505,1648
29280582,1.378,1648
29290584,1.38818,1692
29300586,1.39034,1692
29310587,1.39915,1648
29320590,1.39005,1648
29330592,1.40817,1648
29340593,1.40733,1648
29350596,1.40305,1648
29360598,1.4106,1648
29370600,1.43476,1694
29380601,1.43912,1694
29390603,1.42492,1688
29400606,1.43325,1688
29410608,1.43974,1690
29420610,1.44643,1690
29430611,1.45655,1688
29440613,1.45542,1688
29450615,1.48154,1686
29460619,1.4761,1686
29470621,1.47759,1690
29480622,1.49774,1690
29490623,1.50437,1684
29500625,1.51334,1684
29510628,1.5012,1682
29520629,1.52142,1682
29530631,1.52601,1694
29540632,1.538,1694
29550637,1.53251,1690
29560638,1.53839,1690
29570640,1.54415,1710
29580641,1.56084,1710
29590644,1.55626,1716
29600646,1.57352,1716
29610647,1.57781,1686
29620649,1.58259,1686
29630651,1.57684,1710
29640653,1.58501,1710
29650655,1.59849,1698
29660657,1.60445,1698
29670659,1.59885,1648
29680661,1.62699,1648
29690662,1.62333,1728
29700666,1.63083,1728
29710667,1.62607,1736
29720669,1.646,1736
29730670,1.64775,1726
29740673,1.6387,1726
29750679,1.66576,1698
29760680,1.66684,1698
29770681,1.66693,1714
29780684,1.67154,1714
29790685,1.68307,1744
29800686,1.67086,1744
29810688,1.68868,1720
29820689,1.70254,1720
29830692,1.70135,1734
29840693,1.69129,1734
29850695,1.70175,1730
29860696,1.70211,1730
29870701,1.72336,1728
29880702,1.71926,1728
29890703,1.72566,1722
29900704,1.71422,1722
29910708,1.73686,1732
29920709,1.73753,1732
29930712,1.73441,1740
29940713,1.73757,1740
29950716,1.75035,1750
29960718,1.7445,1750
29970719,1.74643,1738
29980721,1.74855,1738
29990723,1.74729,1760
30000725,1.75968,1760
30010726,1.7628,1750
30020730,1.75685,1750
30030732,1.75455,1742
30040734,1.75104,1742
30050735,1.76895,1780
30060739,1.75453,1780
30070740,1.76587,1756
30080741,1.75582,1756
30090743,1.75795,1756
30100746,1.75528,1756
30110747,1.77475,1750
30120749,1.75878,1750
30130751,1.75079,1728
30140752,1.76909,1728
30150756,1.75031,1766
30160758,1.76872,1766
30170759,1.74793,1766
30180761,1.76669,1766
30190764,1.74826,1788
30200765,1.76396,1788
30210768,1.75607,1750
30220769,1.75724,1750
30230771,1.74815,1750
30240772,1.75275,1750
30250776,1.7545,1742
30260778,1.74975,1742
30270779,1.74474,1760
30280781,1.73255,1760
30290783,1.73099,1790
30300786,1.72341,1790
30310788,1.72186,1764
30320789,1.71665,1764
30330792,1.72703,1782
30340795,1.71104,1782
30350796,1.7136,1766
30360797,1.69782,1766
30370800,1.70166,1748
30380802,1.70668,1748
30390804,1.68644,1766
30400808,1.6847,1766
30410809,1.69133,1746
30420811,1.6753,1746
30430813,1.66996,1790
30440814,1.65861,1790
30450815,1.65242,1758
30460818,1.64971,1758
30470819,1.66105,1758
30480821,1.64492,1758
30490825,1.64287,1744
30500827,1.63555,1744
30510828,1.62312,1774
30520829,1.61548,1774
30530831,1.62787,1782
30540833,1.61475,1782
30550837,1.59914,1748
30560839,1.59937,1748
30570840,1.58729,1792
30580841,1.57547,1792
30590843,1.5834,1726
30600845,1.56492,1726
30610848,1.57223,1732
30620850,1.56084,1732
30630851,1.54359,1764
30640853,1.53346,1764
30650854,1.52704,1760
30660858,1.52427,1760
30670860,1.5277,1764
30680861,1.52688,1764
30690863,1.51903,1740
30700867,1.4896,1740
30710868,1.49478,1724
30720869,1.49405,1724
30730871,1.49135,1768
30740874,1.47592,1768
30750875,1.47334,1736
30760877,1.45177,1736
30770879,1.45412,1722
30780882,1.45511,1722
30790885,1.45094,1720
30800886,1.42145,1720
30810888,1.41887,1732
30820889,1.4265,1732
30830892,1.41582,1728
30840894,1.41123,1728
30850895,1.40175,1708
30860897,1.39867,1708
30870899,1.39741,1742
30880900,1.38155,1742
30890904,1.3854,1718
30900905,1.37781,1718
30910908,1.36329,1698
30920909,1.36241,1698
30930911,1.34775,1756
30940913,1.34843,1756
30950915,1.34168,1740
30960917,1.34649,1740
30970921,1.32927,1716
30980922,1.31877,1716
30990923,1.31984,1720
31000925,1.32218,1720
31010927,1.30149,1708
31020930,1.31614,1708
31030931,1.3106,1708
31040933,1.29228,1708
31050935,1.30221,1720
31060937,1.29321,1720
31070939,1.28978,1712
31080941,1.29249,1712
31090945,1.28243,1708
31100946,1.26878,1708
31110947,1.27068,1708
31120949,1.27332,1708
31130952,1.26375,1688
31140953,1.26717,1688
31150957,1.25759,1712
31160958,1.26016,1712
31170959,1.26735,1694
31180961,1.27176,1694
31190964,1.25525,1708
31200965,1.27173,1708
31210968,1.25667,1690
31220969,1.26412,1690
31230971,1.25304,1682
31240973,1.26074,1682
31250974,1.26743,1692
31260977,1.25928,1692
31270980,1.27103,1706
31280981,1.26945,1706
31290984,1.27081,1694
31300986,1.27029,1694
31310987,1.27632,1694
31320989,1.2662,1694
31330991,1.27211,1686
31340994,1.2738,1686
31350995,1.28129,1690
31360999,1.27337,1690
31371000,1.28177,1694
31381001,1.29247,1694
31391005,1.29544,1692
31401007,1.29038,1692
31411008,1.29708,1708
31421010,1.30811,1708
31431013,1.31671,1698
31441015,1.3214,1698
31451016,1.32396,1648
31461017,1.31633,1648
31471020,1.316,1648
31481021,1.32527,1648
31491022,1.32416,1648
31501024,1.34186,1648
31511026,1.34748,1648
31521029,1.35677,1648
31531032,1.34621,1648
31541034,1.36898,1648
31551035,1.38095,1698
31561038,1.36902,1698
31571039,1.37109,1688
31581040,1.38545,1688
31591043,1.40544,1648
31601046,1.39884,1648
31611047,1.40369,1648
31621049,1.409,1648
31631050,1.43003,1704
31641053,1.42341,1704
31651055,1.42919,1648
31661056,1.45483,1648
31671058,1.45527,1706
31681062,1.45999,1706
31691063,1.45811,1648
31701067,1.48544,1648
31711068,1.486,1704
31721069,1.48349,1704
31731071,1.50087,1692
31741073,1.501,1692
31751075,1.52123,1692
31761076,1.51453,1692
31771079,1.51686,1648
31781081,1.52777,1648
31791084,1.53731,1690
31801086,1.56243,1690
31811088,1.55287,1648
31821089,1.56104,1648
31831092,1.58275,1704
31841093,1.58212,1704
31851097,1.59286,1694
31861098,1.59514,1694
31871099,1.60898,1698
31881101,1.61551,1698
31891102,1.62515,1648
31901107,1.62737,1648
31911108,1.634,1724
31921109,1.64635,1724
31931111,1.63434,1698
31941113,1.64953,1698
31951114,1.66001,1734
31961115,1.67033,1734
31971121,1.67146,1720
31981122,1.67734,1720
31991123,1.68687,1724
32001125,1.68416,1724
32011126,1.68989,1734
32021129,1.69418,1734
32031132,1.70303,1748
32041134,1.70269,1748
32051135,1.72197,1698
32061137,1.72626,1698
32071139,1.73002,1738
32081141,1.72319,1738
32091143,1.7426,1698
32101146,1.72331,1698
32111147,1.73005,1718
32121148,1.74614,1718
32131150,1.73798,1746
32141153,1.74583,1746
32151156,1.75325,1730
32161157,1.74307,1730
32171159,1.76241,1712
32181162,1.7614,1712
32191165,1.74924,1748
32201166,1.74778,1748
32211167,1.76598,1770
32221171,1.76586,1770
32231172,1.75534,1750
32241173,1.76824,1750
32251175,1.75422,1748
32261178,1.75799,1748
32271179,1.77026,1760
32281181,1.75806,1760
32291183,1.76309,1750
32301184,1.75412,1750
32311188,1.76663,1770
32321189,1.75492,1770
32331191,1.75721,1766
32341192,1.75862,1766
32351196,1.75175,1780
32361197,1.73714,1780
32371200,1.7557,1776
32381202,1.73537,1776
32391203,1.73297,1746
32401204,1.73884,1746
32411207,1.73455,1788
32421208,1.73208,1788
32431212,1.72114,1768
32441214,1.70947,1768
32451215,1.71308,1778
32461217,1.71358,1778
32471218,1.70931,1790
32481220,1.69217,1790
32491223,1.69061,1750
32501225,1.67549,1750
32511226,1.68777,1748
32521228,1.68177,1748
32531232,1.66125,1792
32541233,1.66504,1792
32551236,1.65598,1748
32561237,1.64762,1748
32571238,1.63604,1790
32581242,1.63406,1790
32591243,1.61223,1792
32601245,1.60763,1792
32611256,1.61803,1764
32621257,1.60662,1764
32631258,1.58513,1734
32641288,1.5929,1734
32651289,1.57373,1736
32661291,1.55665,1736
32671292,1.54698,1722
32681296,1.54217,1722
32691297,1.54975,1708
32701298,1.53222,1708
32711299,1.52254,1708
32721300,1.50688,1708
32731301,1.49951,1744
32741302,1.50273,1744
32751303,1.50227,1768
32761304,1.47768,1768
32771305,1.48345,1706
32781306,1.46089,1706
32791307,1.46884,1774
32801308,1.45576,1774
32811309,1.45533,1744
32821310,1.43861,1744
32831311,1.42752,1728
32841312,1.42067,1728
32851313,1.41331,1712
32861314,1.39578,1712
32871315,1.40447,1710
32881336,1.38003,1710
32891337,1.38841,1736
32901340,1.36893,1736
32911343,1.35612,1716
32921344,1.35415,1716
32931346,1.36604,1724
32941347,1.35411,1724
32951349,1.33612,1714
32961352,1.32616,1714
32971353,1.33746,1720
32981356,1.32258,1720
32991358,1.30786,1742
33001359,1.31565,1742
33011361,1.30517,1696
33021364,1.31422,1696
33031365,1.29325,1712
33041367,1.30377,1712
33051370,1.301,1706
33061372,1.28923,1706
33071373,1.2914,1718
33081376,1.27657,1718
33091377,1.26654,1722
33101378,1.27068,1722
33111382,1.26139,1706
33121383,1.27703,1706
33131386,1.26,1726
33141387,1.26576,1726
33151389,1.2584,1648
33161391,1.25307,1648
33171392,1.26658,1732
33181395,1.26571,1732
33191397,1.26829,1698
33201399,1.2707,1698
33211401,1.25754,1648
33221402,1.256,1648
33231406,1.27441,1698
33241408,1.26808,1698
33251410,1.2666,1698
33261412,1.27836,1698
33271416,1.27466,1648
33281417,1.27105,1648
33291418,1.28974,1696
33301419,1.28768,1696
33311422,1.29128,1718
33321424,1.28052,1718
33331425,1.30565,1690
33341429,1.29561,1690
33351430,1.30912,1696
33361431,1.29598,1696
33371434,1.30617,1648
33381436,1.31227,1648
33391437,1.31724,1648
33401438,1.3365,1648
33411439,1.33605,1684
33421444,1.35321,1684
33431445,1.35312,1702
33441447,1.36384,1702
33451449,1.37081,1682
33461451,1.3654,1682
33471453,1.37512,1648
33481456,1.37554,1648
33491458,1.3879,1648
33501460,1.39227,1648
33511461,1.40538,1698
33521464,1.40846,1698
33531465,1.41343,1648
33541469,1.42197,1648
33551470,1.43282,1684
33561471,1.4476,1684
33571473,1.45383,1686
33581477,1.47905,1686
33591478,1.48993,1690
33601479,1.49785,1690
33611481,1.50371,1686
33621495,1.51228,1686
33631496,1.51083,1698
33641497,1.5178,1698
33651498,1.53324,1698
33661499,1.5317,1698
33671500,1.54603,1720
33681501,1.56467,1720
33691502,1.57051,1648
33701503,1.57838,1648
33711504,1.59394,1648
33721505,1.58958,1648
33731506,1.60978,1686
33741508,1.6032,1686
33751510,1.61679,1648
33761511,1.61852,1648
33771513,1.64377,1724
33781516,1.63738,1724
33791519,1.64972,1648
33801520,1.64993,1648
33811522,1.6576,1690
33821524,1.67104,1690
33831526,1.6835,1732
33841527,1.68755,1732
33851530,1.68522,1742
33861531,1.70515,1742
33871532,1.69646,1740
33881533,1.7193,1740
33891538,1.719,1724
33901540,1.72561,1724
33911541,1.7386,1698
33921542,1.72474,1698
33931543,1.72804,1722
33941544,1.74934,1722
33951545,1.75226,1748
33961546,1.74196,1748
33971547,1.75008,1746
33981548,1.74937,1746
33991549,1.75977,1742
34001550,1.75869,1742
34011551,1.75987,1722
34021552,1.76659,1722
34031553,1.75184,1764
34041554,1.76663,1764
34051555,1.75114,1762
34061556,1.75,1762
34071557,1.77038,1748
34081558,1.76292,1748
34091559,1.75836,1758
34101560,1.76922,1758
34111561,1.75015,1782
34121562,1.74808,1782
34131563,1.75334,1772
34141564,1.75515,1772
34151565,1.74399,1772
34161566,1.74989,1772
34171567,1.75189,1760
34181568,1.74309,1760
34191569,1.74317,1770
34201570,1.72147,1770
34211571,1.72397,1790
34221572,1.71243,1790
34231573,1.70318,1778
34241574,1.7132,1778
34251575,1.68715,1762
34261577,1.68559,1762
34271580,1.67868,1806
34281581,1.68406,1806
34291582,1.66629,1756
34301585,1.67093,1756
34311588,1.66734,1774
34321589,1.63458,1774
34331590,1.64085,1732
34341593,1.62339,1732
34351594,1.62364,1768
34361598,1.60488,1768
34371599,1.59175,1774
34381600,1.58305,1774
34391603,1.57633,1784
34401605,1.56567,1784
34411609,1.56443,1782
34421612,1.55339,1782
34431613,1.54155,1722
34441615,1.5275,1722
34451616,1.52608,1740
34461618,1.51955,1740
34471620,1.51326,1766
34481621,1.50232,1766
34491623,1.49974,1770
34501626,1.47669,1770
34511627,1.4643,1726
34521630,1.46537,1726
34531631,1.44704,1730
34541633,1.44152,1730
34551635,1.43988,1726
34561659,1.42394,1726
34571672,1.40721,1734
34581674,1.40324,1734
34591676,1.4019,1764
34601678,1.40053,1764
34611680,1.37058,1756
34621682,1.37924,1756
34631683,1.36934,1732
34641686,1.35859,1732
34651689,1.35324,1708
34661691,1.33334,1708
34671692,1.32965,1748
34681695,1.32089,1748
34691696,1.32795,1698
34701698,1.30595,1698
34711701,1.30545,1740
34721702,1.30867,1740
34731706,1.29856,1722
34741707,1.30502,1722
34751708,1.27852,1698
34761710,1.27796,1698
34771713,1.2717,1706
34781714,1.26598,1706
34791717,1.2847,1724
34801719,1.28241,1724
34811721,1.2683,1712
34821722,1.26013,1712
34831724,1.25591,1702
34841725,1.26391,1702
34851728,1.25831,1698
34861729,1.27466,1698
34871731,1.25644,1710
34881733,1.27482,1710
34891737,1.26761,1704
34901739,1.26679,1704
34911741,1.25537,1708
34921742,1.27191,1708
34931743,1.25877,1682
34941746,1.27273,1682
34951747,1.27377,1686
34961750,1.2712,1686
34971752,1.28067,1698
34981754,1.28477,1698
34991757,1.28737,1688
35001759,1.30208,1688
35011760,1.2979,1648
35021761,1.30008,1648
35031764,1.32868,1694
35041767,1.32048,1694
35051768,1.33381,1648
35061771,1.34263,1648
35071772,1.34062,1698
35081773,1.35757,1698
35091776,1.35732,1686
35101778,1.3593,1686
35111781,1.38205,1690
35121782,1.38943,1690
35131784,1.40568,1688
35141787,1.41435,1688
35151788,1.4178,1684
35161790,1.42599,1684
35171792,1.43149,1648
35181793,1.45246,1648
35191795,1.45339,1686
35201798,1.47004,1686
35211800,1.47008,1648
35221802,1.48385,1648
35231804,1.50098,1648
35241806,1.49707,1648
35251809,1.51762,1690
35261810,1.51779,1690
35271812,1.53999,1648
35281815,1.55199,1648
35291816,1.54801,1684
35301818,1.57095,1684
35311820,1.56228,1648
35321822,1.5939,1648
35331823,1.605,1694
35341826,1.611,1694
35351828,1.61838,1690
35361831,1.62436,1690
35371832,1.62792,1698
35381835,1.64365,1698
35391837,1.65305,1698
35401838,1.65039,1698
35411841,1.67949,1692
35421843,1.66685,1692
35431845,1.67821,1686
35441847,1.67991,1686
35451848,1.70075,1738
35461850,1.71337,1738
35471851,1.70978,1694
35481855,1.72034,1694
35491856,1.72517,1738
35501857,1.73819,1738
35511859,1.74379,1744
35521862,1.74635,1744
35531864,1.73722,1710
35541866,1.75312,1710
35551868,1.75474,1742
35561871,1.76402,1742
35571873,1.7443,1758
35581875,1.76197,1758
35591876,1.75148,1750
35601880,1.76142,1750
35611881,1.76697,1750
35621882,1.75833,1750
35631883,1.75073,1758
35641885,1.75861,1758
35651888,1.75204,1770
35661890,1.76459,1770
35671893,1.74656,1748
35681894,1.7558,1748
35691897,1.7434,1744
35701898,1.76046,1744
35711901,1.74246,1746
35721903,1.7307,1746
35731905,1.7258,1762
35741907,1.73367,1762
35751909,1.7367,1756
35761910,1.72869,1756
35771913,1.7111,1750
35781917,1.71443,1750
35791918,1.70571,1782
35801919,1.69534,1782
35811921,1.68796,1766
35821923,1.67774,1766
35831924,1.66612,1774
35841926,1.6491,1774
35851928,1.64537,1768
35861930,1.63661,1768
35871932,1.62635,1766
35881934,1.61788,1766
35891937,1.60108,1776
35901938,1.61127,1776
35911940,1.58479,1772
35921942,1.59047,1772
35931943,1.57285,1746
35941945,1.56935,1746
35951948,1.55604,1770
35961949,1.53509,1770
35971952,1.52895,1786
35981954,1.51155,1786
35991955,1.49248,1770
36001957,1.50539,1770
36011960,1.49032,1758
36021961,1.48062,1758
36031964,1.45877,1756
36041966,1.44934,1756
36051967,1.43152,1750
36061969,1.42046,1750
36071973,1.40634,1746
36081975,1.40658,1746
36091976,1.39564,1728
36101978,1.38274,1728
36111980,1.38842,1740
36121981,1.37102,1740
36131984,1.36654,1708
36141985,1.3632,1708
36151988,1.33382,1744
36161990,1.32947,1744
36171991,1.32984,1728
36181994,1.3215,1728
36191996,1.30772,1698
36201998,1.29849,1698
36211999,1.29122,1722
36222003,1.28768,1722
36232004,1.2916,1728
36242007,1.29575,1728
36252008,1.27821,1712
36262009,1.27065,1712
36272011,1.26117,1708
36282013,1.26774,1708
36292015,1.25788,1708
36302018,1.27372,1708
36312019,1.25165,1698
36322022,1.26003,1698
36332024,1.2717,1690
36342026,1.25325,1690
36352028,1.26831,1704
36362030,1.27475,1704
36372034,1.27012,1698
36382136,1.25708,1698
36392137,1.27723,1696
36402138,1.28448,1696
36412139,1.28852,1712
36422140,1.29401,1712
36432141,1.28655,1690
36442142,1.2883,1690
36452143,1.30237,1690
36462144,1.30424,1690
36472145,1.31245,1704
36482146,1.32798,1704
36492147,1.31981,1648
36502148,1.32457,1648
36512149,1.34104,1698
36522150,1.35373,1698
36532151,1.34743,1714
36542152,1.36128,1714
36552153,1.36823,1702
36562154,1.37799,1702
36572155,1.39551,1702
36582156,1.39937,1702
36592157,1.4177,1690
36602158,1.42953,1690
36612159,1.4433,1692
36622160,1.45813,1692
36632161,1.46165,1648
36642162,1.46306,1648
36652163,1.49239,1684
36662164,1.5047,1684
36672165,1.51768,1648
36682166,1.52248,1648
36692167,1.52587,1682
36702168,1.53783,1682
36712169,1.56653,1648
36722170,1.56373,1648
36732171,1.58461,1648
36742172,1.58368,1648
36752173,1.60793,1690
36762174,1.60016,1690
36772175,1.6282,1684
36782176,1.62567,1684
36792177,1.63959,1694
36802178,1.66297,1694
36812179,1.66474,1698
36822180,1.6799,1698
36832181,1.67559,1688
36842182,1.69395,1688
36852183,1.6896,1698
36862184,1.7016,1698
36872185,1.70217,1716
36882186,1.71275,1716
36892187,1.72718,1698
36902188,1.73706,1698
36912189,1.73376,1740
36922190,1.73045,1740
36932191,1.73921,1748
36942192,1.74931,1748
36952193,1.7544,1740
36962194,1.76107,1740
36972195,1.7609,1732
36982196,1.75195,1732
36992197,1.76344,1732
37002198,1.75676,1732
37012199,1.75656,1740
37022200,1.76787,1740
37032201,1.76627,1760
37042202,1.76751,1760
37052203,1.76048,1750
37062204,1.74942,1750
37072205,1.76023,1748
37082206,1.73629,1748
37092207,1.74164,1766
37102208,1.74615,1766
37112209,1.72409,1774
37122210,1.72461,1774
37132211,1.72225,1800
37142212,1.70107,1800
37152213,1.71336,1762
37162214,1.6931,1762
37172215,1.68195,1774
37182216,1.66859,1774
37192217,1.65759,1768
37202218,1.6567,1768
37212219,1.64667,1772
37222220,1.62461,1772
37232221,1.62962,1774
37242222,1.62577,1774
37252223,1.60139,1774
37262224,1.59059,1774
37272225,1.5836,1774
37282226,1.55744,1774
37292227,1.54408,1748
37302228,1.54437,1748
37312229,1.53267,1768
37322230,1.51843,1768
37332231,1.49709,1742
37342232,1.49917,1742
37352233,1.49052,1748
37362234,1.46555,1748
37372235,1.45835,1746
37382324,1.45171,1746
37392325,1.42533,1734
37402326,1.43176,1734
37412327,1.40156,1750
37422328,1.38603,1750
37432329,1.38155,1756
37442330,1.36755,1756
37452331,1.35457,1748
37462332,1.36243,1748
37472333,1.35373,1718
37482334,1.329,1718
37492335,1.32014,1742
37502336,1.33247,1742
37512337,1.31267,1748
37522338,1.30799,1748
37532339,1.29686,1712
37542340,1.28008,1712
37552341,1.27519,1716
37562342,1.29233,1716
37572343,1.27399,1728
37582344,1.27981,1728
37592345,1.267,1712
37602346,1.27133,1712
37612347,1.27408,1694
37622348,1.26961,1694
37632349,1.25464,1732
37642350,1.25221,1732
37652351,1.25589,1690
37662352,1.26578,1690
37672353,1.25825,1726
37682354,1.27245,1726
37692355,1.26693,1696
37702356,1.28585,1696
37712357,1.29181,1708
37722358,1.29389,1708
37732359,1.27838,1648
37742360,1.29062,1648
37752361,1.29954,1706
37762362,1.3148,1706
37772363,1.32728,1694
37782364,1.33783,1694
37792365,1.32343,1648
37802366,1.34297,1648
37812367,1.36088,1698
37822368,1.36112,1698
37832369,1.37917,1698
37842370,1.37684,1698
37852371,1.40176,1648
37862372,1.41879,1648
37872373,1.42641,1684
37882374,1.42668,1684
37892375,1.45835,1684
37902376,1.4519,1684
37912377,1.47264,1698
37922378,1.48848,1698
37932379,1.49714,1692
37942380,1.51826,1692
37952381,1.52906,1682
37962382,1.54437,1682
37972383,1.54776,1648
37982384,1.55223,1648
37992385,1.57495,1686
38002386,1.58754,1686
38012387,1.59105,1648
38022388,1.60622,1648
38032389,1.63214,1648
38042390,1.62852,1648
38052391,1.63564,1698
38062392,1.67029,1698
38072393,1.66727,1648
38082394,1.68854,1648
38092395,1.68316,1686
38102396,1.70844,1686
38112397,1.69437,1682
38122398,1.71274,1682
38132399,1.71421,1708
38142400,1.72891,1708
38152401,1.74717,1766
38162402,1.74624,1766
38172403,1.7554,1720
38182404,1.75543,1720
38192405,1.76226,1724
38202406,1.76634,1724
38212407,1.76434,1722
38222408,1.76161,1722
38232409,1.75014,1750
38242410,1.77036,1750
38252411,1.76264,1776
38262412,1.7544,1776
38272413,1.76956,1740
38282414,1.74733,1740
38292416,1.74806,1742
38302418,1.75442,1742
38312420,1.75478,1746
38322422,1.75089,1746
38332425,1.72022,1774
38342426,1.71521,1774
38352428,1.72219,1794
38362432,1.70271,1794
38372433,1.69967,1750
38382434,1.70017,1750
38392435,1.67886,1778
38402438,1.67241,1778
38412439,1.65631,1794
38422443,1.65383,1794
38432444,1.63724,1798
38442446,1.62856,1798
38452448,1.60597,1784
38462450,1.6032,1784
38472451,1.58928,1806
38482454,1.58652,1806
38492455,1.56581,1744
38502457,1.53987,1744
38512460,1.54242,1748
38522461,1.51479,1748
38532463,1.49638,1740
38542468,1.49125,1740
38552469,1.48609,1724
38562471,1.47222,1724
38572472,1.45771,1730
38582474,1.4424,1730
38592475,1.42345,1738
38602478,1.40285,1738
38612480,1.40706,1750
38622481,1.37916,1750
38632484,1.3797,1750
38642485,1.3719,1750
38652487,1.36135,1724
38662489,1.33447,1724
38672493,1.32402,1736
38682494,1.33319,1736
38692496,1.3057,1756
38702497,1.31563,1756
38712500,1.28952,1748
38722502,1.29805,1748
38732505,1.27856,1726
38742507,1.27996,1726
38752508,1.28738,1724
38762510,1.27897,1724
38772511,1.26136,1716
38782514,1.25879,1716
38792516,1.25571,1722
38802517,1.25272,1722
38812519,1.27384,1724
38822522,1.25856,1724
38832527,1.27641,1698
38842529,1.27225,1698
38852530,1.26644,1720
38862532,1.27675,1720
38872534,1.28275,1704
38882535,1.29066,1704
38892536,1.27598,1716
38902537,1.28479,1716
38912539,1.29395,1696
38922543,1.29997,1696
38932544,1.31749,1692
38942545,1.32348,1692
38952547,1.32709,1702
38962549,1.34408,1702
38972551,1.3556,1682
38982553,1.37387,1682
38992554,1.372,1706
39002557,1.40123,1706
39012559,1.41079,1698
39022562,1.415,1698
39032565,1.43777,1684
39042567,1.44855,1684
39052568,1.46393,1648
39062569,1.47659,1648
39072572,1.49172,1648
39082573,1.51716,1648
39092576,1.51263,1648
39102578,1.52722,1648
39112580,1.55715,1694
39122581,1.56801,1694
39132585,1.56838,1648
39142587,1.58069,1648
39152589,1.6046,1704
39162591,1.60641,1704
39172592,1.6286,1648
39182593,1.64299,1648
39192596,1.65719,1682
39202598,1.67518,1682
39212600,1.66843,1684
39222602,1.67742,1684
39232604,1.71095,1698
39242606,1.71556,1698
39252609,1.71004,1712
39262611,1.71541,1712
39272614,1.74237,1698
39282615,1.74468,1698
39292616,1.74283,1698
39302618,1.73905,1698
39312620,1.74927,1738
39322623,1.76726,1738
39332624,1.76473,1730
39342625,1.75484,1730
39352630,1.76766,1728
39362631,1.77375,1728
39372632,1.76833,1740
39382634,1.76546,1740
39392636,1.74846,1750
39402637,1.76311,1750
39412640,1.74947,1766
39422642,1.75215,1766
39432644,1.74249,1766
39442646,1.73195,1766
39452649,1.72654,1774
39462651,1.7182,1774
39472653,1.70804,1766
39482655,1.69744,1766
39492656,1.68456,1794
39502657,1.67185,1794
39512661,1.65584,1790
39522662,1.64898,1790
39532663,1.64019,1782
39542666,1.623,1782
39552667,1.60494,1796
39562671,1.58981,1796
39572673,1.5861,1798
39582674,1.57195,1798
39592676,1.55601,1762
39602677,1.52642,1762
39612680,1.528,1786
39622681,1.50455,1786
39632683,1.49637,1740
39642686,1.48585,1740
39652689,1.47308,1742
39662691,1.45919,1742
39672692,1.42301,1726
39682694,1.4207,1726
39692695,1.40166,1726
39702698,1.40132,1726
39712700,1.3779,1764
39722702,1.36451,1764
39732704,1.34963,1756
39742707,1.34241,1756
39752708,1.3373,1740
39762711,1.31221,1740
39772712,1.30271,1744
39782713,1.30404,1744
39792716,1.29024,1724
39802719,1.2845,1724
39812720,1.27338,1746
39822722,1.28342,1746
39832724,1.27433,1716
39842727,1.27044,1716
39852728,1.26371,1734
39862731,1.26394,1734
39872732,1.26267,1720
39882735,1.26692,1720
39892738,1.2658,1712
39902740,1.27659,1712
39912741,1.26779,1732
39922742,1.28305,1732
39932744,1.28425,1706
39942746,1.28649,1706
39952747,1.29449,1698
39962750,1.30574,1698
39972752,1.31812,1716
39982754,1.30419,1716
39992755,1.32843,1714
40002758,1.34366,1714
40012759,1.34658,1686
40022762,1.35429,1686
40032764,1.36414,1698
40042765,1.38287,1698
40052769,1.39194,1690
40062771,1.41832,1690
40072772,1.42423,1706
40082773,1.43388,1706
40092776,1.44638,1648
40102778,1.47173,1648
40112781,1.49044,1690
40122783,1.49771,1690
40132784,1.50843,1690
40142785,1.53906,1690
40152788,1.55963,1648
40162792,1.5782,1648
40172793,1.57983,1648
40182794,1.60567,1648
40192797,1.605,1648
40202798,1.62942,1648
40212802,1.65048,1648
40222803,1.65629,1648
40232804,1.67087,1688
40242807,1.6682,1688
40252808,1.70133,1648
40262810,1.68924,1648
40272812,1.70286,1720
40282815,1.71957,1720
40292816,1.73218,1718
40302818,1.72483,1718
40312820,1.74713,1696
40322821,1.74962,1696
40332825,1.74248,1704
40342826,1.75545,1704
40352827,1.77094,1724
40362832,1.77165,1724
40372833,1.76474,1744
40382834,1.77418,1744
40392837,1.76359,1750
40402838,1.75964,1750
40412840,1.75824,1750
40422841,1.74934,1750
40432845,1.73503,1750
40442846,1.72729,1750
40452848,1.72944,1772
40462851,1.72066,1772
40472852,1.71151,1766
40482854,1.70288,1766
40492858,1.68566,1758
40502859,1.6729,1758
40512860,1.66504,1786
40522862,1.65841,1786
40532864,1.64779,1782
40542866,1.61677,1782
40552869,1.62427,1782
40562870,1.58826,1782
40572871,1.57891,1746
40582877,1.56681,1746
40592878,1.54595,1756
40602879,1.53267,1756
40612880,1.5159,1782
40622882,1.50211,1782
40632883,1.47694,1738
40642886,1.46195,1738
40652887,1.44579,1736
40662892,1.42325,1736
40672893,1.40922,1736
40682894,1.41592,1736
40692896,1.38795,1724
40702899,1.38125,1724
40712900,1.35008,1772
40722902,1.34106,1772
40732904,1.33498,1756
40742906,1.33699,1756
40752908,1.31999,1746
40762912,1.29793,1746
40772913,1.2968,1712
40782916,1.2965,1712
40792917,1.2787,1746
40802918,1.26868,1746
40812920,1.27952,1720
40822923,1.27324,1720
40832924,1.26719,1740
40842927,1.26237,1740
40852929,1.25626,1726
40862930,1.26882,1726
40872931,1.26539,1710
40882934,1.26249,1710
40892936,1.26994,1718
40902939,1.28065,1718
40912940,1.29089,1726
40922942,1.27925,1726
40932943,1.28767,1692
40942945,1.30575,1692
40952949,1.31609,1720
40962950,1.33381,1720
40972952,1.34993,1648
40982953,1.35653,1648
40992958,1.3784,1720
41002960,1.38335,1720
41012961,1.40722,1648
41022962,1.40881,1648
41032966,1.43436,1698
41042967,1.44963,1698
41052968,1.47177,1648
41062970,1.48435,1648
41072972,1.49726,1710
41082975,1.52297,1710
41092976,1.53949,1690
41102979,1.54466,1690
41112980,1.56236,1648
41122982,1.59245,1648
41132984,1.60858,1648
41142986,1.61075,1648
41152988,1.63758,1690
41162990,1.64122,1690
41172992,1.65899,1648
41182994,1.67009,1648
41192996,1.67713,1710
41202998,1.69184,1710
41213000,1.70725,1714
41223002,1.72411,1714
41233006,1.71729,1716
41243007,1.73847,1716
41253009,1.73515,1710
41263010,1.74423,1710
41273013,1.76204,1698
41283014,1.76022,1698
41293016,1.76212,1726
41303019,1.7513,1726
41313020,1.77323,1696
41323022,1.75909,1696
41333023,1.76772,1732
41343025,1.76212,1732
41353028,1.75971,1764
41363031,1.73298,1764
41373032,1.72686,1776
41383034,1.73474,1776
41393035,1.72019,1780
41403039,1.7119,1780
41413040,1.70674,1772
41423043,1.67719,1772
41433045,1.67617,1790
41443046,1.65708,1790
41453047,1.65147,1798
41463050,1.63351,1798
41473052,1.6049,1808
41483055,1.60401,1808
41493056,1.57169,1772
41503058,1.55564,1772
41513060,1.54819,1790
41523062,1.53558,1790
41533063,1.50571,1756
41543067,1.48114,1756
41553068,1.46891,1770
41563070,1.46101,1770
41573071,1.4488,1750
41583074,1.41259,1750
41593075,1.39536,1732
41603078,1.39966,1732
41613080,1.37013,1742
41623082,1.35584,1742
41633083,1.35326,1782
41643085,1.33706,1782
41653087,1.32121,1756
41663090,1.29993,1756
41673091,1.29972,1776
41683095,1.29735,1776
41693096,1.29607,1780
41703099,1.26611,1780
41713101,1.27733,1708
41723102,1.25592,1708
41733105,1.25397,1738
41743106,1.26635,1738
41753108,1.27128,1740
41763109,1.26259,1740
41773111,1.26074,1736
41783113,1.27585,1736
41793115,1.27491,1726
41803118,1.2902,1726
41813122,1.28276,1694
41823124,1.30289,1694
41833125,1.31284,1698
41843127,1.32296,1698
41853128,1.33169,1692
41863130,1.33029,1692
41873132,1.3497,1698
41883135,1.37537,1698
41893137,1.38823,1716
41903140,1.41216,1716
41913141,1.42618,1682
41923142,1.44308,1682
41933143,1.44701,1712
41943147,1.47218,1712
41953148,1.49058,1648
41963150,1.52123,1648
41973152,1.53295,1648
41983155,1.5494,1648
41993156,1.56993,1690
42003159,1.57794,1690
42013160,1.5984,1646
42023161,1.6068,1646
42033164,1.6265,1686
42043166,1.65624,1686
42053170,1.6765,1648
42063171,1.68817,1648
42073172,1.69459,1648
42083173,1.71274,1648
42093176,1.72392,1648
42103178,1.72437,1648
42113179,1.74048,1684
42123181,1.74969,1684
42133184,1.74838,1698
42143186,1.76388,1698
42153188,1.77145,1724
42163192,1.75839,1724
42173193,1.75611,1712
42183194,1.7654,1712
42193196,1.77124,1716
42203198,1.74961,1716
42213201,1.75843,1746
42223203,1.74666,1746
42233204,1.74776,1760
42243206,1.73438,1760
42253209,1.71668,1766
42263210,1.69607,1766
42273211,1.69282,1810
42283214,1.6939,1810
42293216,1.66024,1790
42303218,1.6522,1790
42313219,1.62579,1772
42323224,1.63129,1772
42333225,1.60423,1800
42343227,1.5745,1800
42353228,1.57522,1806
42363229,1.5465,1806
42373232,1.5194,1756
42383233,1.50263,1756
42393235,1.48263,1778
42403238,1.4759,1778
42413239,1.44848,1736
42423244,1.43771,1736
42433245,1.41038,1736
42443247,1.40295,1736
42453248,1.38897,1712
42463250,1.37277,1712
42473252,1.34755,1716
42483254,1.33992,1716
42493256,1.33172,1740
42503258,1.29946,1740
42513259,1.30656,1750
42523263,1.2937,1750
42533264,1.27721,1736
42543268,1.26349,1736
42553269,1.26464,1734
42563270,1.25843,1734
42573271,1.26578,1732
42583274,1.26571,1732
42593275,1.27305,1732
42603278,1.26207,1732
42613280,1.27848,1720
42623282,1.26854,1720
42633284,1.27045,1732
42643285,1.29825,1732
42653288,1.3004,1698
42663290,1.31794,1698
42673292,1.322,1692
42683295,1.3434,1692
42693296,1.35097,1718
42703298,1.35215,1718
42713300,1.39296,1682
42723301,1.40958,1682
42733304,1.42149,1698
42743309,1.42889,1698
42753310,1.4417,1692
42763311,1.47288,1692
42773313,1.50286,1696
42783315,1.50626,1696
42793316,1.53374,1648
42803317,1.56346,1648
42813319,1.57504,1684
42823324,1.58478,1684
42833325,1.61027,1648
42843326,1.63323,1648
42853327,1.63313,1684
42863332,1.65168,1684
42873333,1.68223,1694
42883334,1.68341,1694
42893335,1.69878,1648
42903338,1.7252,1648
42913339,1.73072,1682
42923344,1.74568,1682
42933345,1.73967,1648
42943349,1.763,1648
42953350,1.75832,1708
42963351,1.76051,1708
42973352,1.77244,1696
42983356,1.77239,1696
42993357,1.75841,1728
43003359,1.76484,1728
43013361,1.76509,1728
43023363,1.74605,1728
43033365,1.73328,1726
43043367,1.72509,1726
43053368,1.71027,1798
43063369,1.71522,1798
43073372,1.69027,1768
43083375,1.67006,1768
43093376,1.67198,1756
43103377,1.65222,1756
43113380,1.63912,1796
43123382,1.61094,1796
43133385,1.58429,1764
43143386,1.56857,1764
43153388,1.55838,1774
43163390,1.52317,1774
43173392,1.51137,1806
43183396,1.48812,1806
43193397,1.46083,1762
43203398,1.44425,1762
43213401,1.42035,1770
43223402,1.41883,1770
43233403,1.39897,1736
43243407,1.38379,1736
43253409,1.36846,1726
43263411,1.34131,1726
43273413,1.32274,1784
43283414,1.30175,1784
43293415,1.30058,1756
43303418,1.27978,1756
43313420,1.29419,1766
43323422,1.28342,1766
43333424,1.26268,1724
43343425,1.27327,1724
43353430,1.26016,1732
43363431,1.26009,1732
43373432,1.26296,1740
43383434,1.26565,1740
43393438,1.27298,1732
43403440,1.26845,1732
43413441,1.28961,1716
43423443,1.30183,1716
43433447,1.30907,1718
43443448,1.33146,1718
43453449,1.33938,1688
43463450,1.35772,1688
43473453,1.36105,1712
43483454,1.38525,1712
43493457,1.40939,1704
43503458,1.41257,1704
43513461,1.43248,1648
43523462,1.45787,1648
43533463,1.48781,1698
43543465,1.49456,1698
43553467,1.51625,1692
43563471,1.53492,1692
43573472,1.56558,1648
43583475,1.58362,1648
43593478,1.60991,1648
43603479,1.63048,1648
43613480,1.64322,1644
43623481,1.6572,1644
43633484,1.66781,1636
43643486,1.68316,1636
43653489,1.70543,1648
43663490,1.71374,1648
43673492,1.74292,1648
43683493,1.75126,1648
43693497,1.75121,1690
43703499,1.76041,1690
43713500,1.77195,1724
43723503,1.74995,1724
43733505,1.7525,1726
43743508,1.74982,1726
43753509,1.7656,1724
43763510,1.74522,1724
43773513,1.73649,1728
43783514,1.74373,1728
43793516,1.7291,1762
43803518,1.70368,1762
43813520,1.70065,1732
43823523,1.69848,1732
43833525,1.66584,1766
43843526,1.65985,1766
43853528,1.6365,1770
43863531,1.62486,1770
43873532,1.58541,1792
43883535,1.56549,1792
43893537,1.55358,1764
43903538,1.52154,1764
43913540,1.51622,1748
43923543,1.48504,1748
43933545,1.46444,1798
43943546,1.4501,1798
43953548,1.43386,1790
43963551,1.40666,1790
43973552,1.38593,1766
43983554,1.36059,1766
43993555,1.34527,1748
44003558,1.33049,1748
44013561,1.31616,1768
44023562,1.30601,1768
44033564,1.2913,1726
44043566,1.27981,1726
44053570,1.27027,1750
44063571,1.26433,1750
44073572,1.26125,1750
44083574,1.25171,1750
44093576,1.26131,1732
44103579,1.25395,1732
44113580,1.2641,1738
44123581,1.27053,1738
44133584,1.29289,1730
44143587,1.28157,1730
44153589,1.29127,1742
44163590,1.31144,1742
44173591,1.32949,1722
44183593,1.35022,1722
44193597,1.37241,1682
44203598,1.38962,1682
44213599,1.39795,1704
44223603,1.41565,1704
44233604,1.43981,1716
44243606,1.46084,1716
44253608,1.49013,1648
44263610,1.51935,1648
44273612,1.53949,1688
44283613,1.56301,1688
44293616,1.58672,1648
44303617,1.59322,1648
44313620,1.62263,1648
44323622,1.64957,1648
44333624,1.6479,1648
44343627,1.66617,1648
44353628,1.70068,1696
44363629,1.71903,1696
44373632,1.73359,1644
44383633,1.72529,1644
44393637,1.75283,1692
44403638,1.74026,1692
44413641,1.76834,1698
44423642,1.76024,1698
44433645,1.76438,1648
44443647,1.75873,1648
44453649,1.75496,1714
44463651,1.74694,1714
44473653,1.73579,1736
44483654,1.73048,1736
44493656,1.72495,1738
44503658,1.72315,1738
44513659,1.7052,1744
44523663,1.68711,1744
44533664,1.67234,1782
44543666,1.65607,1782
44553667,1.61908,1780
44563671,1.59889,1780
44573673,1.5888,1796
44583676,1.55488,1796
44593677,1.55095,1766
44603679,1.52439,1766
44613680,1.50274,1774
44623682,1.46053,1774
44633683,1.4519,1758
44643686,1.42346,1758
44653687,1.41359,1774
44663690,1.39182,1774
44673692,1.37095,1756
44683693,1.35437,1756
44693696,1.3217,1780
44703699,1.31954,1780
44713700,1.2991,1756
44723701,1.29669,1756
44733706,1.28244,1742
44743708,1.27596,1742
44753709,1.25545,1726
44763711,1.25887,1726
44773713,1.27237,1710
44783714,1.26537,1710
44793716,1.25784,1732
44803717,1.26249,1732
44813719,1.2723,1738
44823722,1.27972,1738
44833723,1.30097,1718
44843726,1.30507,1718
44853727,1.33575,1706
44863731,1.35848,1706
44873732,1.36365,1708
44883734,1.39173,1708
44893736,1.40411,1734
44903739,1.42201,1734
44913741,1.45826,1648
44923742,1.46641,1648
44933743,1.4939,1690
44943745,1.52958,1690
44953749,1.54836,1692
44963751,1.56973,1692
44973752,1.60496,1648
44983754,1.62638,1648
44993756,1.64271,1648
45003757,1.65881,1648
45013760,1.66818,1648
45023761,1.68349,1648
45033766,1.715,1648
45043767,1.7217,1648
45053768,1.73863,1648
45063771,1.75742,1648
45073772,1.74886,1724
45083774,1.74781,1724
45093776,1.77422,1648
45103778,1.75442,1648
45113780,1.76867,1722
45123781,1.74757,1722
45133783,1.75272,1694
45143786,1.74309,1694
45153788,1.74004,1766
45163791,1.72895,1766
45173794,1.7046,1782
45183795,1.68356,1782
45193796,1.67117,1818
45203797,1.63749,1818
45213801,1.62674,1802
45223803,1.60062,1802
45233804,1.57681,1806
45243807,1.55301,1806
45253808,1.53145,1760
45263810,1.51236,1760
45273811,1.47696,1776
45283814,1.4465,1776
45293817,1.43806,1748
45303818,1.41706,1748
45313820,1.37725,1742
45323822,1.37081,1742
45333828,1.33835,1774
45343829,1.32808,1774
45353830,1.3101,1764
45363831,1.30078,1764
45373832,1.29283,1740
45383835,1.27613,1740
45393838,1.26381,1746
45403841,1.27443,1746
45413842,1.26945,1756
45423844,1.27154,1756
45433845,1.26628,1702
45443848,1.27432,1702
45453849,1.28701,1738
45463850,1.29637,1738
45473853,1.29091,1708
45483854,1.31774,1708
45493856,1.32239,1726
45503860,1.35726,1726
45513861,1.36081,1712
45523863,1.38478,1712
45533864,1.4172,1698
45543867,1.43313,1698
45553868,1.45858,1648
45563870,1.4843,1648
45573871,1.50198,1686
45583874,1.53558,1686
45593876,1.56885,1690
45603879,1.57422,1690
45613880,1.60058,1694
45623882,1.61905,1694
45633885,1.64857,1648
45643886,1.68471,1648
45653890,1.68047,1648
45663891,1.71822,1648
45673893,1.73229,1648
45683895,1.7423,1648
45693896,1.75575,1648
45703898,1.74689,1648
45713900,1.74901,1648
45723903,1.77011,1648
45733904,1.75423,1682
45743905,1.76799,1682
45753909,1.76434,1698
45763911,1.7453,1698
45773912,1.7483,1732
45783914,1.71168,1732
45793916,1.69915,1756
45803920,1.7037,1756
45813921,1.66298,1782
45823922,1.66451,1782
45833923,1.63835,1800
45843928,1.60905,1800
45853929,1.58455,1766
45863930,1.56848,1766
45873933,1.53178,1798
45883935,1.5101,1798
45893936,1.48968,1798
45903937,1.46274,1798
45913939,1.436,1768
45923941,1.41238,1768
45933945,1.38818,1760
45943946,1.36916,1760
45953949,1.33312,1802
45963951,1.33186,1802
45973952,1.31541,1790
45983955,1.28517,1790
45993956,1.29311,1768
46003957,1.26417,1768
46013961,1.26877,1744
46023963,1.26237,1744
46033964,1.26011,1732
46043965,1.25532,1732
46053969,1.27821,1756
46063971,1.28886,1756
46073973,1.2934,1726
46083975,1.29468,1726
46093976,1.30609,1710
46103978,1.34305,1710
46113981,1.35382,1720
46123983,1.36824,1720
46133984,1.38804,1712
46143985,1.42088,1712
46153988,1.4488,1708
46163991,1.4825,1708
46173992,1.50316,1716
46183995,1.52322,1716
46193997,1.54206,1692
46203998,1.58487,1692
46214002,1.61059,1688
46224003,1.62589,1688
46234005,1.65081,1648
46244007,1.68156,1648
46254008,1.69399,1636
46264009,1.71431,1636
46274012,1.73219,1648
46284014,1.74434,1648
46294016,1.73738,1640
46304018,1.75849,1640
46314021,1.77057,1688
46324022,1.75481,1688
46334025,1.77253,1648
46344026,1.76312,1648
46354029,1.75803,1730
46364030,1.75092,1730
46374032,1.73528,1756
46384034,1.70358,1756
46394035,1.70304,1794
46404039,1.67034,1794
46414040,1.64939,1750
46424043,1.63517,1750
46434045,1.59736,1806
46444047,1.56899,1806
46454048,1.55815,1790
46464052,1.5211,1790
46474053,1.5073,1788
46484054,1.46574,1788
46494055,1.43408,1806
46504058,1.42775,1806
46514060,1.38445,1776
46524062,1.35828,1776
46534064,1.33881,1798
46544066,1.32382,1798
46554068,1.3031,1764
46564070,1.28787,1764
46574072,1.28222,1738
46584074,1.27644,1738
46594076,1.25699,1748
46604078,1.27511,1748
46614080,1.25102,1744
46624082,1.26544,1744
46634084,1.26679,1740
46644087,1.26903,1740
46654088,1.28229,1730
46664089,1.3017,1730
46674093,1.30928,1694
46684095,1.32833,1694
46694096,1.3616,1730
46704099,1.39108,1730
46714101,1.40215,1736
46724103,1.4323,1736
46734104,1.46346,1692
46744105,1.48158,1692
46754108,1.53078,1686
46764112,1.55154,1686
46774113,1.57384,1648
46784114,1.59875,1648
46794116,1.61983,1638
46804117,1.64434,1638
46814120,1.68384,1698
46824122,1.69042,1698
46834126,1.70446,1630
46844128,1.73166,1630
46854129,1.7421,1640
46864131,1.74934,1640
46874132,1.74842,1648
46884134,1.76806,1648
46894136,1.75516,1648
46904138,1.7691,1648
46914139,1.7628,1748
46924143,1.74146,1748
46934144,1.72353,1718
46944146,1.72488,1718
46954147,1.69782,1732
46964150,1.68724,1732
46974152,1.65622,1774
46984154,1.6234,1774
46994156,1.60916,1772
47004159,1.56799,1772
47014160,1.56177,1810
47024162,1.51376,1810
47034163,1.50148,1756
47044167,1.47204,1756
47054168,1.44917,1758
47064170,1.40696,1758
47074182,1.39468,1750
47084183,1.36749,1750
47094184,1.35054,1756
47104185,1.31354,1756
47114186,1.31077,1772
47124187,1.29633,1772
47134188,1.28136,1768
47144189,1.26166,1768
47154190,1.2661,1764
47164192,1.26702,1764
47174193,1.25955,1702
47184195,1.27211,1702
47194196,1.26938,1690
47204198,1.29241,1690
47214200,1.31767,1750
47224202,1.31901,1750
47234203,1.3352,1708
47244206,1.3595,1708
47254210,1.3858,1698
47264211,1.41063,1698
47274214,1.4332,1696
47284215,1.48124,1696
47294218,1.51326,1686
47304219,1.54073,1686
47314220,1.55772,1648
47324223,1.59641,1648
47334225,1.62663,1684
47344227,1.63776,1684
47354228,1.67621,1636
47364230,1.69211,1636
47374231,1.71006,1682
47384236,1.73589,1682
47394237,1.74705,1648
47404238,1.74883,1648
47414241,1.76304,1648
47424243,1.75126,1648
47434245,1.75841,1704
47444247,1.76588,1704
47454249,1.7579,1730
47464250,1.75055,1730
47474251,1.73601,1744
47484254,1.70815,1744
47494257,1.7025,1746
47504259,1.66026,1746
47514260,1.63598,1800
47524261,1.62332,1800
47534264,1.5971,1782
47544266,1.56324,1782
47554268,1.52129,1806
47564269,1.50631,1806
47574273,1.46707,1776
47584274,1.44768,1776
47594278,1.40186,1782
47604280,1.38263,1782
47614283,1.35555,1764
47624284,1.34633,1764
47634285,1.3263,1750
47644288,1.31062,1750
47654289,1.27343,1754
47664291,1.2827,1754
47674292,1.27011,1740
47684294,1.25811,1740
47694296,1.25547,1750
47704300,1.27708,1750
47714301,1.26106,1716
47724303,1.28459,1716
47734304,1.28613,1708
47744306,1.3242,1708
47754309,1.32804,1690
47764310,1.34883,1690
47774312,1.37655,1712
47784315,1.40529,1712
47794316,1.4452,1708
47804318,1.47025,1708
47814320,1.49033,1648
47824322,1.52888,1648
47834324,1.56207,1712
47844326,1.59884,1712
47854329,1.63084,1648
47864330,1.64349,1648
47874333,1.67266,1618
47884335,1.69332,1618
47894336,1.71754,1648
47904338,1.71973,1648
47914343,1.7551,1648
47924344,1.76187,1648
47934345,1.75249,1688
47944346,1.76799,1688
47954348,1.76111,1690
47964349,1.75725,1690
47974353,1.73872,1682
47984355,1.72122,1682
47994356,1.70561,1750
48004357,1.6841,1750
48014359,1.67245,1766
48024363,1.6579,1766
48034365,1.61158,1766
48044366,1.59973,1766
48054368,1.56454,1794
48064371,1.53822,1794
48074373,1.48961,1796
48084374,1.47204,1796
48094377,1.42597,1764
48104379,1.39516,1764
48114380,1.38796,1750
48124381,1.35003,1750
48134384,1.33005,1750
48144386,1.31366,1750
48154389,1.283,1760
48164392,1.2917,1760
48174393,1.266,1782
48184394,1.27412,1782
48194397,1.26097,1750
48204398,1.25641,1750
48214402,1.27076,1712
48224403,1.27804,1712
48234404,1.30684,1760
48244406,1.32278,1760
48254409,1.32789,1744
48264411,1.35265,1744
48274414,1.384,1748
48284415,1.42602,1748
48294416,1.44923,1704
48304417,1.48571,1704
48314421,1.50931,1708
48324422,1.54614,1708
48334424,1.57035,1648
48344426,1.59398,1648
48354428,1.62285,1648
48364431,1.66874,1648
48374432,1.68159,1648
48384435,1.69792,1648
48394436,1.72708,1616
48404440,1.74592,1616
48414441,1.75573,1648
48424444,1.76384,1648
48434445,1.77279,1690
48444447,1.76107,1690
48454449,1.75602,1706
48464451,1.74024,1706
48474454,1.73383,1746
48484455,1.70421,1746
48494460,1.69557,1730
48504461,1.67303,1730
48514462,1.64156,1802
48524463,1.61894,1802
48534464,1.59312,1770
48544467,1.55101,1770
48554468,1.51083,1826
48564470,1.48451,1826
48574473,1.44981,1764
48584475,1.41354,1764
48594480,1.38348,1750
48604481,1.3621,1750
48614482,1.33242,1780
48624558,1.32921,1780
48634560,1.30858,1770
48644561,1.28793,1770
48654562,1.27528,1798
48664563,1.26311,1798
48674569,1.25972,1742
48684570,1.27267,1742
48694571,1.26094,1764
48704572,1.28684,1764
48714573,1.30465,1750
48724574,1.32413,1750
48734575,1.34489,1756
48744576,1.35898,1756
48754577,1.37955,1696
48764578,1.40912,1696
48774579,1.4386,1740
48784580,1.48954,1740
48794581,1.51044,1732
48804582,1.56012,1732
48814583,1.57147,1724
48824584,1.60891,1724
48834585,1.6544,1648
48844586,1.66501,1648
48854587,1.68446,1648
48864588,1.70769,1648
48874589,1.72444,1648
48884590,1.74229,1648
48894591,1.75928,1698
48904592,1.77301,1698
48914593,1.77379,1648
48924594,1.74737,1648
48934595,1.74244,1698
48944596,1.73216,1698
48954597,1.70851,1764
48964598,1.69523,1764
48974599,1.67666,1730
48984600,1.63128,1730
48994601,1.60225,1820
49004602,1.56694,1820
49014603,1.53969,1766
49024604,1.49989,1766
49034605,1.4799,1792
49044606,1.4369,1792
49054607,1.40856,1784
49064608,1.38989,1784
49074609,1.35594,1790
49084610,1.32463,1790
49094611,1.31506,1774
49104612,1.28005,1774
49114613,1.27896,1738
49124614,1.27586,1738
49134615,1.26794,1786
49144616,1.25205,1786
49154617,1.27463,1726
49164618,1.27108,1726
49174619,1.29017,1748
49184620,1.30474,1748
49194621,1.33734,1750
49204622,1.36234,1750
49214623,1.39393,1726
49224624,1.4136,1726
49234625,1.46483,1732
49244626,1.49698,1732
49254627,1.5326,1740
49264628,1.56773,1740
49274629,1.59158,1698
49284630,1.63409,1698
49294631,1.64736,1648
49304632,1.68564,1648
49314684,1.71442,1646
49324685,1.73988,1646
49334686,1.73968,1648
49344714,1.74673,1648
49354715,1.74968,1648
49364716,1.76018,1648
49374721,1.75685,1682
49384840,1.75417,1682
49394841,1.72727,1706
49404843,1.72333,1706
49414844,1.69722,1698
49424845,1.67601,1698
49434846,1.64655,1784
49444847,1.60086,1784
49454848,1.56894,1762
49464849,1.54325,1762
49474850,1.50629,1814
49484851,1.45965,1814
49494852,1.44499,1764
49504853,1.3995,1764
49514854,1.36058,1776
49524855,1.34539,1776
49534856,1.3273,1778
49544857,1.31073,1778
49554858,1.2703,1786
49564859,1.26547,1786
49574860,1.25905,1744
49584861,1.25123,1744
49594862,1.27427,1784
49604863,1.26537,1784
49614864,1.27674,1716
49624865,1.31632,1716
49634866,1.32394,1728
49644867,1.34901,1728
49654868,1.37462,1718
49664870,1.42338,1718
49674871,1.44452,1714
49684872,1.48376,1714
49694873,1.52441,1710
49704874,1.55164,1710
49714875,1.59339,1690
49724876,1.61979,1690
49734877,1.65523,1648
49744878,1.68959,1648
49754879,1.71728,1648
49764880,1.73341,1648
49774881,1.73747,1648
49784882,1.75553,1648
49794883,1.75225,1648
49804884,1.77125,1648
49814885,1.75427,1690
49824886,1.74439,1690
49834887,1.73469,1692
49844888,1.71379,1692
49854889,1.67738,1750
49864890,1.64119,1750
49874891,1.6106,1762
49884892,1.59731,1762
49894893,1.54063,1782
49904894,1.50382,1782
49914895,1.47746,1784
49924896,1.43587,1784
49934897,1.39846,1774
49944898,1.36148,1774
49954899,1.33361,1760
49964900,1.32522,1760
49974901,1.30026,1778
49984902,1.29303,1778
49994903,1.2592,1768
50004904,1.26251,1768
50014905,1.26407,1754
50024906,1.26521,1754
50034907,1.28545,1756
50044908,1.28716,1756
50054909,1.31244,1740
50064910,1.32922,1740
50074911,1.37201,1722
50084912,1.40686,1722
50094913,1.43627,1738
50104914,1.48251,1738
50114915,1.51059,1718
50124916,1.55182,1718
50134917,1.58181,1698
50144918,1.62173,1698
50154919,1.66398,1648
50164920,1.6861,1648
50174921,1.70752,1648
50184922,1.7391,1648
50194923,1.75522,1648
50204924,1.75918,1648
50214925,1.75786,1616
50224926,1.76876,1616
50234927,1.76491,1712
50244928,1.7498,1712
50254929,1.71377,1688
50264930,1.69973,1688
50274931,1.67898,1740
50284932,1.64577,1740
50294933,1.60128,1746
50304940,1.56846,1746
50314941,1.54134,1814
50324942,1.50054,1814
50334943,1.46257,1824
50344945,1.41073,1824
50354946,1.39897,1788
50364947,1.36893,1788
50374948,1.32024,1754
50385051,1.30335,1754
50395052,1.28599,1768
50405054,1.28221,1768
50415055,1.25705,1782
50425056,1.26692,1782
50435057,1.27492,1724
50445058,1.28901,1724
50455059,1.28954,1750
50465060,1.30479,1750
50475061,1.34315,1712
50485062,1.37214,1712
50495063,1.39659,1710
50505064,1.45068,1710
50515065,1.4875,1712
50525066,1.51663,1712
50535067,1.5561,1734
50545068,1.59825,1734
50555069,1.64107,1698
50565070,1.67083,1698
50575071,1.69613,1684
50585073,1.70909,1684
50595074,1.73917,1616
50605075,1.74764,1616
50615076,1.76308,1648
50625077,1.75842,1648
50635078,1.76211,1648
50645079,1.73963,1648
50655080,1.73479,1720
50665081,1.707,1720
50675082,1.69294,1708
50685083,1.66176,1708
50695084,1.62627,1782
50705085,1.57993,1782
50715086,1.54697,1758
50725087,1.50124,1758
50735088,1.45749,1790
50745089,1.42589,1790
50755090,1.39368,1798
50765091,1.35494,1798
50775092,1.33283,1806
50785093,1.31158,1806
50795094,1.27355,1774
50805095,1.25881,1774
50815096,1.26029,1732
50825097,1.26051,1732
50835098,1.26387,1770
50845099,1.27799,1770
50855100,1.29688,1780
50865101,1.31495,1780
50875104,1.361,1732
50885105,1.38011,1732
50895106,1.41866,1732
50905107,1.46678,1732
50915108,1.51213,1698
50925109,1.53479,1698
50935110,1.57957,1648
50945111,1.6135,1648
50955112,1.64188,1698
50965113,1.69103,1698
50975114,1.70559,1698
50985115,1.72295,1698
50995116,1.75866,1636
51005117,1.75776,1636
51015118,1.77342,1648
51025119,1.75877,1648
51035120,1.74261,1698
51045121,1.74407,1698
51055122,1.70127,1744
51065123,1.68383,1744
51075124,1.64719,1724
51085125,1.61905,1724
51095126,1.57527,1764
51105127,1.54215,1764
51115128,1.49391,1756
51125129,1.45312,1756
51135130,1.4064,1792
51145132,1.37909,1792
51155133,1.33223,1790
51165134,1.3189,1790
51175135,1.3049,1766
51185136,1.28336,1766
51195137,1.2569,1762
51205138,1.26675,1762
51215139,1.2694,1726
51225140,1.27463,1726
51235141,1.29847,1768
51245142,1.3275,1768
51255143,1.34834,1732
51265144,1.3808,1732
51275145,1.4128,1720
51285146,1.45232,1720
51295147,1.4995,1712
51305148,1.52495,1712
51315149,1.56643,1738
51325150,1.62367,1738
51335151,1.65583,1648
51345152,1.68896,1648
51355153,1.70276,1648
51365154,1.72752,1648
51375155,1.76119,1640
51385156,1.77222,1640
51395157,1.77315,1648
51405158,1.76109,1648
51415159,1.7444,1696
51425160,1.71999,1696
51435161,1.71045,1724
51445162,1.68051,1724
51455163,1.63739,1766
51465164,1.59449,1766
51475165,1.56478,1750
51485166,1.50766,1750
51495167,1.4673,1786
51505168,1.42139,1786
51515169,1.37864,1794
51525170,1.36197,1794
51535171,1.33291,1798
51545172,1.30441,1798
51555173,1.2919,1790
51565177,1.25926,1790
51575178,1.26791,1772
51585180,1.26708,1772
51595181,1.27216,1768
51605182,1.28977,1768
51615183,1.32202,1762
51625184,1.33755,1762
51635185,1.3735,1746
51645186,1.42551,1746
51655187,1.46788,1740
51665188,1.49205,1740
51675189,1.54484,1696
51685190,1.57735,1696
51695194,1.63429,1718
51705195,1.65538,1718
51715196,1.6965,1646
51725197,1.70966,1646
51735198,1.74329,1648
51745199,1.76139,1648
51755200,1.76786,1648
51765201,1.755,1648
51775202,1.76021,1648
51785203,1.73289,1648
51795204,1.71835,1690
51805205,1.67847,1690
51815206,1.65947,1722
51825207,1.60122,1722
51835208,1.55999,1768
51845209,1.53703,1768
51855210,1.48356,1800
51865211,1.43334,1800
51875212,1.40144,1784
51885213,1.35808,1784
51895214,1.33286,1792
51905215,1.29027,1792
51915216,1.28307,1760
51925217,1.27484,1760
51935218,1.25927,1762
51945219,1.27237,1762
51955220,1.28429,1750
51965221,1.28644,1750
51975222,1.31327,1758
51985223,1.33797,1758
51995224,1.39338,1766
52005225,1.41806,1766
52015226,1.46245,1726
52025227,1.52241,1726
52035228,1.54988,1710
52045229,1.59493,1710
52055230,1.64889,1704
52065231,1.68424,1704
52075232,1.70039,1686
52085233,1.72068,1686
52095234,1.75367,1648
52105235,1.76628,1648
52115236,1.75078,1640
52125237,1.74875,1640
52135238,1.75371,1648
52145239,1.71926,1648
52155240,1.70179,1740
52165241,1.66552,1740
52175242,1.62761,1724
52185243,1.58949,1724
52195244,1.54427,1782
52205245,1.49705,1782
52215246,1.45031,1800
52225247,1.39103,1800
52235248,1.34969,1756
52245249,1.3167,1756
52255250,1.30926,1806
52265251,1.27881,1806
52275252,1.27039,1766
52285253,1.27261,1766
52295254,1.27688,1782
52305255,1.28955,1782
52315256,1.29715,1756
52325257,1.33704,1756
52335258,1.35944,1756
52345259,1.40615,1756
52355260,1.42683,1724
52365261,1.48499,1724
52375262,1.54187,1740
52385263,1.5768,1740
52395264,1.61262,1688
52405265,1.6484,1688
52415266,1.68503,1704
52425267,1.7215,1704
52435268,1.7548,1628
52445269,1.75427,1628
52455270,1.77305,1648
52465271,1.76559,1648
52475272,1.73665,1648
52485273,1.71631,1648
52495274,1.71027,1696
52505275,1.65591,1696
52515276,1.63921,1742
52525277,1.58904,1742
52535278,1.52656,1750
52545279,1.48233,1750
52555280,1.45127,1796
52565281,1.40668,1796
52575282,1.35461,1802
52585283,1.33715,1802
52595284,1.29423,1766
52605285,1.28652,1766
52615286,1.25776,1756
52625287,1.2737,1756
52635288,1.25986,1766
52645289,1.27266,1766
52655290,1.30045,1740
52665291,1.32988,1740
52675292,1.37657,1716
52685293,1.40676,1716
52695294,1.46437,1750
52705295,1.51284,1750
52715296,1.55642,1734
52725297,1.59215,1734
52735298,1.63666,1698
52745299,1.68018,1698
52755300,1.69954,1714
52765301,1.74732,1714
52775302,1.75027,1648
52785303,1.75878,1648
52795304,1.75945,1648
52805305,1.7508,1648
52815306,1.7453,1648
52825307,1.70162,1648
52835308,1.66671,1726
52845309,1.63029,1726
52855310,1.59329,1710
52865311,1.5529,1710
52875312,1.48811,1780
52885313,1.44073,1780
52895314,1.41553,1770
52905315,1.35073,1770
52915318,1.33278,1782
52925319,1.29638,1782
52935320,1.28173,1776
52945321,1.26477,1776
52955322,1.26729,1782
52965323,1.26983,1782
52975324,1.28076,1750
52985325,1.31471,1750
52995326,1.35027,1764
53005327,1.3895,1764
53015328,1.43361,1760
53025329,1.47547,1760
53035330,1.5141,1748
53045331,1.57793,1748
53055332,1.62426,1712
53065333,1.64877,1712
53075334,1.6814,1648
53085335,1.71233,1648
53095336,1.73999,1624
53105337,1.76645,1624
53115338,1.75013,1642
53125339,1.75573,1642
53135340,1.74602,1636
53145341,1.72512,1636
53155342,1.67763,1698
53165343,1.64568,1698
53175344,1.61135,1766
53185345,1.54488,1766
53195346,1.50268,1758
53205347,1.46481,1758
53215348,1.40882,1824
53225349,1.36379,1824
53235350,1.32164,1762
53245351,1.31,1762
53255352,1.26903,1798
53265353,1.27339,1798
53275354,1.25777,1778
53285355,1.28044,1778
53295356,1.28144,1750
53305359,1.3158,1750
53315360,1.35635,1758
53325361,1.38607,1758
53335362,1.43757,1750
53345363,1.47135,1750
53355364,1.53224,1712
53365365,1.57739,1712
53375366,1.62026,1716
53385367,1.68316,1716
53395368,1.71445,1698
53405369,1.73073,1698
53415370,1.75979,1614
53425371,1.75763,1614
53435372,1.76414,1648
53445373,1.74626,1648
53455374,1.73302,1648
53465375,1.70023,1648
53475376,1.66361,1710
53485377,1.62531,1710
53495378,1.56666,1748
53505379,1.51973,1748
53515380,1.46086,1782
53525384,1.42039,1782
53535385,1.36893,1790
53545386,1.34549,1790
53555387,1.30313,1778
53565388,1.28762,1778
53575404,1.26087,1758
53585409,1.26058,1758
53595410,1.26113,1728
53605411,1.29657,1728
53615412,1.30712,1802
53625413,1.35229,1802
53635414,1.4021,1740
53645415,1.44688,1740
53655416,1.48949,1716
53665418,1.55231,1716
53675419,1.5928,1750
53685420,1.64597,1750
53695421,1.68206,1648
53705422,1.72237,1648
53715423,1.74713,1640
53725424,1.74553,1622
53735425,1.75048,1622
53745426,1.76574,1622
53755427,1.74628,1684
53765428,1.71803,1718
53775429,1.6801,1718
53785430,1.63615,1718
53795431,1.58974,1708
53805432,1.54367,1708
53815433,1.49854,1770
53825434,1.44819,1770
53835435,1.40121,1802
53845436,1.34103,1802
53855437,1.31267,1764
53865438,1.29646,1804
53875439,1.25718,1804
53885443,1.26717,1804
53895444,1.26521,1784
53905445,1.28987,1784
53915446,1.31483,1716
53925447,1.3362,1716
53935448,1.39505,1762
53945449,1.43592,1762
53955450,1.48546,1736
53965451,1.53256,1736
53975452,1.60044,1726
53985453,1.64324,1726
53995454,1.67448,1714
54005455,1.72484,1714
54015456,1.73481,1648
54025457,1.76639,1648
54035458,1.75191,1640
54045459,1.75685,1640
54055460,1.74437,1646
54065461,1.70666,1698
54075462,1.68201,1698
54085463,1.63634,1698
54095464,1.5868,1740
54105465,1.5238,1740
54115466,1.46847,1764
54125467,1.42851,1764
54135468,1.37235,1762
54145470,1.34204,1762
54155471,1.29288,1772
54165472,1.27965,1772
54175473,1.27564,1774
54185474,1.27417,1774
54195475,1.28232,1760
54205480,1.30649,1772
54215481,1.32954,1772
54225482,1.37065,1772
54235483,1.40803,1770
54245484,1.46241,1770
54255485,1.53798,1732
54265486,1.5876,1732
54275487,1.62905,1714
54285488,1.67091,1714
54295489,1.70286,1648
54305490,1.73435,1648
54315491,1.76055,1648
54325492,1.76531,1648
54335493,1.7437,1616
54345494,1.74491,1640
54355495,1.69978,1640
54365496,1.66656,1640
54375497,1.61506,1736
54385498,1.57217,1736
54395499,1.52139,1758
54405500,1.46027,1758
54415501,1.40981,1818
54425502,1.3633,1818
54435503,1.33326,1756
54445504,1.28229,1814
54455505,1.27129,1814
54465506,1.25109,1814
54475507,1.26636,1806
54485508,1.2778,1806
54495509,1.30175,1764
54505510,1.34711,1764
54515511,1.40028,1768
54525512,1.44206,1768
54535513,1.50048,1784
54545516,1.5612,1784
54555517,1.6077,1698
54565518,1.66622,1698
54575519,1.70396,1684
54585520,1.72312,1608
54595521,1.75333,1608
54605522,1.75399,1608
54615523,1.7646,1646
54625524,1.74542,1646
54635525,1.72081,1688
54645526,1.68675,1688
54655527,1.63528,1730
54665528,1.59507,1730
54675531,1.52322,1750
54685532,1.46614,1776
54695533,1.41437,1776
54705534,1.37671,1776
54715535,1.32294,1818
54725536,1.30069,1818
54735537,1.27587,1782
54745538,1.262,1814
54755539,1.26184,1814
54765540,1.29043,1814
54775541,1.29936,1730
54785542,1.33961,1730
54795543,1.38709,1786
54805544,1.45456,1786
54815545,1.50372,1782
54825546,1.55743,1782
54835551,1.62541,1714
54845552,1.66417,1690
54855553,1.71341,1690
54865554,1.74789,1690
54875555,1.76349,1646
54885556,1.75929,1646
54895557,1.74373,1638
54905558,1.73638,1638
54915559,1.70444,1648
54925560,1.65784,1648
54935561,1.60424,1738
54945562,1.54945,1738
54955563,1.48881,1750
54965564,1.42948,1750
54975565,1.39868,1810
54985566,1.34803,1798
54995567,1.31261,1798
55005568,1.28975,1798
55015569,1.26613,1766
55025570,1.26762,1766
55035571,1.2818,1740
55045572,1.31426,1740
55055573,1.32838,1792
55065574,1.37434,1792
55075575,1.43722,1748
55085576,1.49648,1712
55095577,1.55438,1712
55105578,1.61859,1712
55115579,1.65685,1712
55125580,1.70471,1712
55135581,1.72441,1690
55145582,1.75485,1648
55155583,1.77173,1648
55165584,1.75553,1648
55175585,1.73989,1640
55185586,1.70688,1640
55195587,1.64517,1684
55205588,1.60547,1684
55215589,1.54661,1734
55225590,1.49057,1734
55235592,1.44224,1780
55245593,1.38005,1798
55255594,1.32635,1798
55265595,1.28576,1798
55275597,1.26399,1774
55285598,1.25241,1774
55295599,1.27746,1760
55305600,1.27251,1760
55315601,1.30937,1790
55325602,1.3652,1790
55335603,1.40576,1748
55345604,1.45452,1748
55355605,1.51997,1738
55365606,1.57233,1738
55375607,1.63937,1726
55385608,1.67837,1684
55395609,1.73596,1684
55405610,1.5,1684
55415611,1.5,1628
55425612,1.5,1628
55435613,1.5,1730
55445614,1.5,1730
55455615,1.5,1738
55465616,1.5,1738
55475617,1.5,1722
55485618,1.5,1748
55495619,1.5,1748
55505620,1.5,1748
55515621,1.5,1742
55525622,1.5,1742
55535623,1.5,1732
55545624,1.5,1742
55555625,1.5,1742
55565626,1.5,1712
55575627,1.5,1712
55585628,1.5,1722
55595629,1.5,1722
55605630,1.5,1722
55615631,1.5,1734
55625632,1.5,1734
55635633,1.5,1732
55645634,1.5,1732
55655635,1.5,1722
55665636,1.5,1722
55675637,1.5,1708
55685638,1.5,1692
55695639,1.5,1692
55705643,1.5,1692
55715644,1.5,1716
55725645,1.5,1716
55735646,1.5,1724
55745647,1.5,1724
55755648,1.5,1722
55765649,1.5,1722
55775650,1.5,1730
55785651,1.5,1730
55795655,1.5,1716
55805656,1.5,1720
55815657,1.5,1720
55825659,1.5,1720
55835660,1.5,1716
55845661,1.5,1716
55855662,1.5,1720
55865663,1.5,1720
55875664,1.5,1712
55885665,1.5,1712
55895666,1.5,1734
55905667,1.5,1734
55915668,1.5,1724
55925669,1.5,1724
55935670,1.5,1716
55945671,1.5,1716
55955672,1.5,1710
55965673,1.5,1710
55975674,1.5,1730
55985675,1.5,1730
55995676,1.5,1716
56005677,1.5,1716
56015678,1.5,1716
56025680,1.5,1716
56035681,1.5,1736
56045682,1.5,1708
56055683,1.5,1708
56065684,1.5,1728
56075688,1.5,1728
56085691,1.5,1728
56095692,1.5,1718
56105693,1.5,1718
56115694,1.5,1704
56125695,1.5,1716
56135696,1.5,1716
56145697,1.5,1716
56155698,1.5,1734
56165699,1.5,1730
56175700,1.5,1730
56185701,1.5,1712
56195702,1.5,1712
56205703,1.5,1712
56215704,1.5,1686
56225705,1.5,1686
56235706,1.5,1724
56245707,1.5,1724
56255708,1.5,1736
56265709,1.5,1736
56275710,1.5,1698
56285711,1.5,1698
56295712,1.5,1734
56305713,1.5,1734
56315714,1.5,1726
56325715,1.5,1726
56335716,1.5,1690
56345717,1.5,1698
56355718,1.5,1698
56365719,1.5,1750
56375720,1.5,1750
56385725,1.5,1712
56395726,1.5,1712
56405728,1.5,1718
56415729,1.5,1718
56425730,1.5,1718
56435732,1.5,1730
56445734,1.5,1730
56456156,1.5,1712
56466157,1.5,1712
56476158,1.5,1704
56486159,1.5,1706
56496160,1.5,1706
56506161,1.5,1706
56516162,1.5,1716
56526163,1.5,1722
56536164,1.5,1722
56546166,1.5,1722
56556167,1.5,1714
56566168,1.5,1718
56576169,1.5,1718
56586170,1.5,1728
56596171,1.5,1728
56606172,1.5,1728
56616173,1.5,1722
56626174,1.5,1722
56636175,1.5,1722
56646176,1.5,1724
56656177,1.5,1724
56666178,1.5,1710
56676179,1.5,1710
56686180,1.5,1710
56696181,1.5,1698
56706182,1.5,1698
56716183,1.5,1746
56726184,1.5,1722
56736185,1.5,1722
56746186,1.5,1722
56756187,1.5,1698
56766188,1.5,1648
56776189,1.5,1648
56786190,1.5,1744
56796191,1.5,1744
56806192,1.5,1744
56816193,1.5,1716
56826194,1.5,1716
56836195,1.5,1690
56846196,1.5,1698
56856197,1.5,1698
56866198,1.5,1726
56876199,1.5,1726
56886205,1.5,1726
56896206,1.5,1718
56906207,1.5,1718
56916208,1.5,1740
56926209,1.5,1740
56936210,1.5,1740
56946211,1.5,1708
56956212,1.5,1708
56966213,1.5,1734
56976214,1.5,1734
56986217,1.5,1734
56996218,1.5,1740
57006222,1.5,1740
57016223,1.5,1708
57026224,1.5,1722
57036225,1.5,1722
57046226,1.5,1722
57056227,1.5,1648
57066228,1.5,1648
57076229,1.5,1716
57086230,1.5,1712
57096231,1.5,1712
57106232,1.5,1712
57116233,1.5,1722
57126234,1.5,1722
57136235,1.5,1750
57146238,1.5,1750
57156239,1.5,1710
57166240,1.5,1698
57176241,1.5,1698
57186242,1.5,1722
57196243,1.5,1722
57206244,1.5,1722
57216245,1.5,1744
57226246,1.5,1744
57236247,1.5,1722
57246248,1.5,1720
57256249,1.5,1720
57266250,1.5,1720
57276251,1.5,1710
57286252,1.5,1710
57296253,1.5,1706
57306254,1.5,1716
57316255,1.5,1716
57326256,1.5,1716
57336257,1.5,1698
57346258,1.5,1718
57356259,1.5,1718
57366260,1.5,1718
57376261,1.5,1710
57386262,1.5,1710
57396263,1.5,1708
57406264,1.5,1710
57416265,1.5,1710
57426266,1.5,1710
57436267,1.5,1712
57446268,1.5,1712
57456269,1.5,1710
57466270,1.5,1710
57476271,1.5,1710
57486272,1.5,1710
57496273,1.5,1756
57506274,1.5,1756
57516275,1.5,1744
57526276,1.5,1750
57536277,1.5,1750
57546278,1.5,1684
57556279,1.5,1684
57566280,1.5,1726
57576281,1.5,1726
57586282,1.5,1726
57596283,1.5,1744
57606284,1.5,1722
57616285,1.5,1722
57626286,1.5,1722
57636287,1.5,1722
57646288,1.5,1722
57656289,1.5,1708
57666290,1.5,1708
57676291,1.5,1706
