Var1,Var2,Var3,Var4
0,0,0,0
0.00402691196318871,0.0251575727822173,1.73471823473188e-05,0.15084135359922
0.00805382392637741,0.0502514159439057,0.000233505816503716,0.300107460764412
0.012441823789319,0.0774483039983017,0.00113078660807439,0.457905104341364
0.0179663697277909,0.111348280020377,0.00408651722838685,0.643570576751938
0.0253268498140209,0.155661842711869,0.0129231517234957,0.85643214593024
0.03670227819773,0.221426613857052,0.041925602422421,1.07700606860779
0.0468806233832652,0.276519655190794,0.0867147496003989,1.13882943354237
0.0558677728154885,0.321476323119103,0.141268223415999,1.08124859821862
0.06460686858559,0.361310258894794,0.206072600696037,0.931425949192545
0.073164514968652,0.396146014222548,0.27782531388888,0.709924202002008
0.081549409228342,0.425888441498178,0.35241603103752,0.440834462763952
0.0897981811722196,0.450588489955857,0.425948087881951,0.147842412443434
0.0979398765772898,0.470275420552986,0.494724330832201,-0.146693461675293
0.105997259857135,0.484967764138994,0.555444013878574,-0.422857498437476
0.113989447878022,0.494685678821723,0.605373234608026,-0.664125334717816
0.12213567410908,0.499513867465825,0.643223843502463,-0.862259856219827
0.130417170603784,0.499117625885607,0.666479436664561,-1.00417086467372
0.138731897129225,0.493343820284091,0.673592995533075,-1.0814950514939
0.147027390268439,0.482277300646355,0.664677328395272,-1.0944001664935
0.155332135424526,0.466008845512424,0.640851068207035,-1.04905333616766
0.16366275493351,0.444649079686039,0.603874487189775,-0.955352445022413
0.17203575438848,0.418327038370155,0.556017162546739,-0.826140745059499
0.180469172005225,0.387187909497599,0.499873009528993,-0.676110600188366
0.188983321349383,0.351391208065682,0.43816441700895,-0.520639253659607
0.197601888402506,0.31110753819009,0.37354453602258,-0.374621986994944
0.206353592161365,0.266512908761451,0.308406401478092,-0.251360956299846
0.215274860336209,0.217778471685473,0.244705752908106,-0.161563687335799
0.224414493404356,0.165050931946389,0.183800729994785,-0.112498788290373
0.233842631979364,0.108411932341299,0.126303408077629,-0.107348854417978
0.243670470911427,0.0477828511545732,0.0719152980317974,-0.144794681263345
0.254103387320303,-0.0173463624336337,0.0191340053857601,-0.218882206916363
0.265647497974686,-0.0890233471811093,-0.0357768413452493,-0.31947903501516
0.276769583257771,-0.156346619173028,-0.0880499387706166,-0.409780082414468
0.287891668540855,-0.220652849296765,-0.14220740112718,-0.470672689017508
0.298090119823138,-0.275905341311329,-0.194889451384283,-0.486095339562277
0.307570593448512,-0.323269823730648,-0.246751973459187,-0.459107101628766
0.316755411576545,-0.3648386796635,-0.299163362447226,-0.394051903297645
0.325721793442416,-0.400788974851157,-0.351328511808718,-0.296762778254631
0.334506383799626,-0.431135567185961,-0.401946089441562,-0.175136866466395
0.343149603880708,-0.455926890116287,-0.449602123384304,-0.0379486003918984
0.351683005383376,-0.475188410389092,-0.492817034638907,0.10577174549889
0.360131544374972,-0.488937704268812,-0.530163021394795,0.247351902755897
0.368516214663238,-0.497196998101584,-0.560366944316059,0.37901967728685
0.37685539511796,-0.499999280436983,-0.582386326501515,0.494322276387188
0.385165755848943,-0.497391930777413,-0.595461962036285,0.588420187553232
0.3934629439626,-0.489438911724849,-0.599147911591382,0.658253999199195
0.401762141611739,-0.476222001386648,-0.593319880149072,0.702587272574547
0.410078565908231,-0.457841332585026,-0.578163627439684,0.721933769127949
0.418427967439995,-0.434415352693469,-0.554145616703764,0.71838158406177
0.42682718368064,-0.406080194088343,-0.521968548506369,0.695330126508155
0.435294816717047,-0.372988310428151,-0.482514712686435,0.657158413549708
0.443852137053229,-0.335306038166191,-0.436780168180002,0.608844780082866
0.452524382212943,-0.293209396940678,-0.385802530187592,0.555558799481482
0.461342757944769,-0.246876750015363,-0.33058439010625,0.502245840545322
0.470347756542801,-0.196475409911794,-0.272012566403458,0.453222938949984
0.479595150850373,-0.142135475563641,-0.210768919352629,0.411800662733927
0.489168085072992,-0.0838934161023941,-0.147216200826726,0.379936708345994
0.499205600015412,-0.0215509750871858,-0.0812014982462902,0.357903138954627
0.509989158944717,0.0457754026202271,-0.0115347610653221,0.343860982113295
0.522379990217419,0.122036937785745,0.0665973732622334,0.332637387141071
0.532489267634313,0.182173048108008,0.128764650463198,0.320450385868857
0.542598545051207,0.239404022959447,0.18946500935004,0.299634081656442
0.552640676213323,0.292476920651708,0.248138231840653,0.266032132866325
0.562064666537035,0.338111305458815,0.301392457204249,0.220313089527396
0.571162451130795,0.377726532371728,0.350651902430214,0.162447779649088
0.580057376233426,0.4117439920813,0.396149967987322,0.0935641445638712
0.588787883804211,0.440190095253857,0.437530389421856,0.0159582349920119
0.597388668117445,0.463093786643042,0.474350248472924,-0.0675387709792923
0.605888813602097,0.480476357923475,0.506108727682125,-0.153794218551899
0.61431191044873,0.492356063749432,0.532287467938869,-0.23958842513662
0.622678012067042,0.498757723716818,0.552395410241978,-0.321826119150962
0.631004862734128,0.499718136654223,0.566003994272919,-0.397715145712177
0.639308723546509,0.495289277390582,0.572773869380793,-0.464907551941265
0.647605008665982,0.485540228476528,0.572473625002509,-0.521600379155889
0.655908820266617,0.470558248101794,0.564990690753237,-0.566594655908657
0.664235445251938,0.450449179037907,0.550334657967454,-0.599312873577283
0.672600868847723,0.425337267463399,0.528633414176992,-0.619776880281556
0.681022364126369,0.39536433876174,0.500122598592995,-0.62854955898753
0.689519235119601,0.360688129803076,0.465128930909304,-0.62664480663737
0.698113832724837,0.321479345188281,0.424047865226101,-0.615411120226922
0.706833047917855,0.277916574279854,0.377315638035756,-0.596394382535413
0.715710666767369,0.230177311334441,0.325374799319773,-0.571184927911991
0.724791380088469,0.178421265413441,0.268629918617689,-0.541251919225485
0.734138271762808,0.122756843969992,0.207383904191465,-0.50776236132884
0.743848633717071,0.0631657839288738,0.141726701861351,-0.471365507594861
0.754093985988117,-0.000698431813905586,0.0712790686422488,-0.431865002736926
0.765257788948528,-0.0702391066699198,-0.00567137875606665,-0.387406367483119
0.778926823512026,-0.153389660644632,-0.0984859571355323,-0.329422221054598
0.788712388781158,-0.210309225850148,-0.162985071942479,-0.283944923446017
0.798497954050289,-0.264086049822028,-0.225102355564809,-0.233902165543313
0.808240051468857,-0.313705019041547,-0.283926658240148,-0.178670164808394
0.81752014718915,-0.356659942170243,-0.33655448140787,-0.120632764574238
0.826520702985566,-0.393746541524931,-0.383849918521259,-0.0593797380220313
0.835335504533733,-0.425244915319925,-0.426047753721441,0.00481703040909809
0.844002918437856,-0.451189515786449,-0.463039755954027,0.0711014410054688
0.852554542481628,-0.471603251642992,-0.494667420462444,0.138385012916713
0.861016694130768,-0.486504551639117,-0.520741537007771,0.205421912211927
0.869411243160014,-0.495913816818686,-0.541060623887993,0.270880842415842
0.87775711851672,-0.499860644835172,-0.555430939826433,0.333421769947564
0.886071330564223,-0.498388147811324,-0.56368221832702,0.391764423094176
0.894369700672815,-0.491555555314945,-0.565679939714173,0.44474630639537
0.90266744384511,-0.479439758804642,-0.561334534937291,0.491368656795897
0.910979680272337,-0.462136100383419,-0.550607605322479,0.530829029634361
0.919321933777126,-0.439758543820459,-0.533515167754267,0.562539743602848
0.927710672425363,-0.412439241274243,-0.51012789860057,0.586131943957962
0.93616395659254,-0.380327381732658,-0.480568298058749,0.601445497956546
0.944702287124419,-0.343587031362228,-0.445004573640278,0.608505253668301
0.953349803686327,-0.302393374904331,-0.40364075260295,0.60748426619171
0.962136101913268,-0.256926176989611,-0.356701878275835,0.598654207717346
0.971099195191681,-0.207357999293691,-0.304411636340541,0.582321822281101
0.980290756577629,-0.153831612784669,-0.24695604632414,0.558746601236826
0.989786412672473,-0.0964125437265895,-0.184416645246732,0.528024609120856
0.999709095737608,-0.0349748740168175,-0.116623310804667,0.489890620727094
1.0102953357175,0.0311403741442409,-0.0427355227194687,0.443255381182258
1.02218288660042,0.104677584258033,0.0406126661960968,0.384389508371616
1.03135989777112,0.159951974812453,0.104177864534277,0.334644661669056
1.04053690894182,0.21312386606077,0.166224586209444,0.281395679107957
1.05113202767928,0.270985109824715,0.235013362200208,0.215830485747042
1.06078768656884,0.319606886578132,0.294181799872787,0.152550520232066
1.06997087191253,0.361545000803994,0.346606331147786,0.089632017937245
1.07894581491697,0.397937706560516,0.393597974134686,0.0260383945549811
1.08774226342881,0.428754399257727,0.435041718362597,-0.0377239146292188
1.09639362757204,0.454013458056201,0.470868464342143,-0.101130037715649
1.10493264220692,0.47374405156551,0.501012740785204,-0.163612135318166
1.11338511531954,0.487964759307594,0.525384840373928,-0.224520486398001
1.12177246593136,0.496696754306257,0.543889190878514,-0.283154619433538
1.13011335117615,0.499971109376671,0.556436493591499,-0.338792305288969
1.13842461092706,0.497832770154078,0.562951941682022,-0.390715029167667
1.14672197063032,0.49034300923084,0.563381524072967,-0.438231089052761
1.15502061212936,0.477580877790335,0.557696796533504,-0.480695512459012
1.16333568085228,0.459643925346887,0.545898258566053,-0.517525999314994
1.17168278659023,0.436648308993963,0.528017347981525,-0.548214233925371
1.18007855369935,0.408728290296089,0.504116959521316,-0.572332015351363
1.18854128828727,0.376034987441155,0.474290273791459,-0.589531718101822
1.19709186008938,0.338734064300958,0.43865748984685,-0.599540553275354
1.20575495949716,0.297001713085526,0.397359686469993,-0.602147840306805
1.21456102013781,0.251017641289661,0.350548270685471,-0.597183776374861
1.22354938196861,0.200952352004677,0.298366753485132,-0.584486408882726
1.23277395332506,0.146942526051869,0.240917366112289,-0.563849040362522
1.24231449881364,0.0890385806284696,0.178193233011183,-0.534927914296279
1.25230281901488,0.0270757648638492,0.109917344148412,-0.497049475707375
1.26299988523744,-0.0397257345655904,0.0350544534345981,-0.448681128001131
1.27515970998258,-0.114734994816442,-0.0505619436546416,-0.385038306970802
1.28514231895458,-0.174411871652551,-0.119944120691641,-0.326806505765461
1.29512492792658,-0.231376555477519,-0.187378284844137,-0.263989623800288
1.30531187717634,-0.285792085690953,-0.253130941573844,-0.195966864702657
1.31480039364686,-0.332331117665915,-0.310698683266117,-0.129794606398783
1.32392678726221,-0.372695629815367,-0.36197831059402,-0.064303915328081
1.332846385725,-0.407467361789584,-0.407593832963631,0.000758827044285093
1.34159653982516,-0.43666415249916,-0.447482286974114,0.0649088068497247
1.35021222410343,-0.460314712136966,-0.481596047792428,0.127688013932771
1.35872363289675,-0.478442600737578,-0.509880888368018,0.188629725782639
1.36715506114846,-0.491066090874265,-0.53227275856217,0.247240006127428
1.37552701851203,-0.498208739450556,-0.548710347072353,0.303009645730781
1.38385755668623,-0.499905331412422,-0.559142719958313,0.355424331275346
1.39216313143401,-0.496205347782864,-0.563534276675743,0.403973573357275
1.40045925938823,-0.487175093857888,-0.561868264503802,0.448159023875482
1.40876106387723,-0.472898921203136,-0.554149235097398,0.487501883365571
1.41708377464261,-0.453479767172372,-0.540404605256963,0.521549028507549
1.42544323699679,-0.429039095669684,-0.520685339273436,0.549877461622509
1.43385648816789,-0.399716201718136,-0.495065640576929,0.572096633152756
1.44234247485111,-0.365666701646746,-0.463641382266097,0.587848083716108
1.45092302354803,-0.327059815669334,-0.426526753251254,0.596801625491521
1.45962425256385,-0.284073657377482,-0.383848123115042,0.598646794425359
1.46847877646797,-0.236886940670744,-0.335733147232659,0.593077239371488
1.477529416851,-0.185663692376588,-0.282290904407062,0.579763272182843
1.48683603469422,-0.130522938261871,-0.223573220471799,0.558301693259563
1.49648968152089,-0.0714717900906835,-0.159490880655109,0.528114543386553
1.5066473542511,-0.00823162480665583,-0.0895995269250928,0.488207412710622
1.51764520203186,0.0603569965970967,-0.0123766450217668,0.436401849713181
1.53068841621518,0.140122477973284,0.0793279253771869,0.364767315576585
1.54068437492382,0.19884543744092,0.14826597997306,0.30347674480716
1.55068033363246,0.254467984550942,0.214858535951642,0.237656691595799
1.56052542861714,0.305376785582463,0.277153820966563,0.1693377876954
1.56985577704198,0.349372369917409,0.33232777733021,0.102267555523193
1.57889476476529,0.38747267982443,0.381480253642491,0.0359545570916308
1.5877405945403,0.419977830645423,0.424885199520414,-0.0294442132499466
1.59643203884546,0.446921597621335,0.462495931565186,-0.0934460036631033
1.60500220065521,0.468330448427577,0.494262562173782,-0.155592682477234
1.61347849156826,0.484223903707425,0.520128938332652,-0.215430207751362
1.62188347569068,0.494621464537494,0.5400385261605,-0.272502369738039
1.63023654722396,0.499550724643314,0.553943367623564,-0.326355857881502
1.63855502307595,0.499052104965334,0.561809441726731,-0.376544020568379
1.646854908708,0.493181710929694,0.56362003730169,-0.422629958231975
1.6551515009702,0.482013056011734,0.559377935290188,-0.464189275670721
1.66345990811924,0.465637989707042,0.5491067218789,-0.500812393031148
1.67179554680816,0.44416699223382,0.532851362846443,-0.532106223675734
1.68017467096298,0.417728870138384,0.510678027508545,-0.557694944220967
1.68861499494876,0.386469763092078,0.482673007419403,-0.577219465963949
1.69713649701862,0.350551209545656,0.448940380069599,-0.590335023143659
1.70576253950884,0.310146749079654,0.409597737924923,-0.596705933071614
1.71452154597428,0.265436020984894,0.364768665194346,-0.595995865256714
1.72344969783973,0.2165942119537,0.314569282959156,-0.587850426032735
1.73259563063528,0.163772087551125,0.259082972736134,-0.571865311110054
1.74202946372395,0.107054838514761,0.198308841939998,-0.547524020551418
1.7518626718456,0.046365878649385,0.132042676819462,-0.514060789020461
1.76230176070491,-0.0188072790866242,0.0595416786764837,-0.470093746578648
1.77385801739134,-0.0905361386614554,-0.0218339051688879,-0.412213400955405
1.78491452295143,-0.157417572673946,-0.0992704444317399,-0.348882769453234
1.79597102851151,-0.221296958790165,-0.174796653251842,-0.279001833229938
1.80617533526222,-0.276534369937421,-0.241562785381316,-0.209829507336631
1.81565870853027,-0.323858959708023,-0.300106235444882,-0.142516345578841
1.82483877340317,-0.365346368394263,-0.352767331794529,-0.0754742195984058
1.83380027085116,-0.401214578353903,-0.399702027725776,-0.00907530376876065
1.84258027449994,-0.431481500653897,-0.440831802982133,0.0561018139694195
1.85121911854345,-0.456196002632876,-0.476129018868442,0.119598097413392
1.85974853640798,-0.475384525193708,-0.505544315275,0.180958740487753
1.86819364519632,-0.489064980372889,-0.529019881923164,0.23972940930165
1.87657555209662,-0.497259340554154,-0.546503360638895,0.295464120508443
1.88491271076993,-0.499999928171365,-0.557954549506777,0.34772772801247
1.89322183094699,-0.497333205857872,-0.563349435147271,0.396097375736393
1.90151856738761,-0.489322124058142,-0.562682723286013,0.440163595367226
1.90981808169226,-0.476047496105485,-0.555969338303565,0.479531053188479
1.91813554638973,-0.457608659946655,-0.54324514250456,0.51381889534743
1.92648664801278,-0.434123534769079,-0.524566960013856,0.542660551468665
1.93488814549387,-0.405728058472637,-0.50001184986614,0.565702748361018
1.94335855344401,-0.372574858451726,-0.469675413490175,0.582603330230692
1.95191905238771,-0.334830813202971,-0.433668683033675,0.593027218984224
1.96059479535284,-0.292672816398617,-0.392112709548513,0.596639358899377
1.96941692010233,-0.246280360196257,-0.345129111347478,0.593092506907328
1.978425884987,-0.195822010121553,-0.29282294133828,0.582005587300359
1.98767749595856,-0.141429018531164,-0.23524954624091,0.562923166258474
1.99725507278322,-0.0831384608771205,-0.172343857157649,0.535232377683173
2.00729819241034,-0.0207509502398087,-0.103745329169801,0.497966273579953
2.01809010770438,0.0466247224556343,-0.0282436753410415,0.449210386780055
2.03050254180236,0.122994805519741,0.0591395779549548,0.383131365388715
2.04061210978403,0.183094457762862,0.129351883953829,0.322455442854198
2.05072167776571,0.240274113080043,0.197496307626707,0.256666832720016
2.06075396095067,0.293230761971424,0.262004152710609,0.187359655564892
2.07017282158595,0.338772320106364,0.318837431486985,0.119609331716277
2.07926719258948,0.378300350273154,0.369529258799303,0.0526265488431038
2.08815888976645,0.412229308390805,0.414482303165183,-0.0135179686462704
2.09688647263832,0.440587017677798,0.453634084319231,-0.0782823998485991
2.10548466893511,0.463403123210961,0.486933771328822,-0.141183888707169
2.11398256114507,0.480699303629186,0.514326229786454,-0.201761556943608
2.12240375622941,0.492494107713025,0.535754457285619,-0.259562097435563
2.13076832989361,0.498812515831049,0.551169860310165,-0.314144066874692
2.13909404737205,0.499691361353149,0.560538009329093,-0.365079887855665
2.1473971869462,0.495182558478599,0.563842006407173,-0.411956687571441
2.15569317521725,0.485355073372756,0.561084522175077,-0.454376692813928
2.1639971221059,0.470296033811452,0.552288906415218,-0.491957235622594
2.17232431848698,0.45011117748224,0.537499563866052,-0.524330318302875
2.18069075154044,0.424924703879219,0.516781636324102,-0.551141594669299
2.18911369701868,0.394878473327719,0.490219890355743,-0.572048502168144
2.1976124664696,0.36013034889201,0.457916530860788,-0.586717091812672
2.20620942942635,0.320851243641959,0.41998737290828,-0.594816775597926
2.21493151674943,0.277220001560909,0.376555266422744,-0.596011589171011
2.22381259326647,0.229414336616538,0.32773855158777,-0.589945289827393
2.2328975012084,0.177593973815189,0.273629764210262,-0.576214742370442
2.24224962166819,0.121866757823003,0.21425323315383,-0.55431885198496
2.25196687565619,0.062212316357733,0.1494705389555,-0.523549335586605
2.2622223437494,-0.00172270387131177,0.0787295630698179,-0.482713601646778
2.27340488526448,-0.0713689955847695,0.000161811996916609,-0.429184845490117
2.28715178671425,-0.154938400087172,-0.0962626833077157,-0.352054300676738
2.2969089747983,-0.21162447009537,-0.163147955658678,-0.290859086620148
2.30666616288235,-0.265166436583593,-0.227606493578698,-0.22535965802937
2.31639847299073,-0.314648002648612,-0.288531088326414,-0.156701485933189
2.32567367447618,-0.357487045722326,-0.342636622807284,-0.0891025374902521
2.33467002416172,-0.394457526237773,-0.390725822474559,-0.0223902225792831
2.34348130592147,-0.425839927524931,-0.433044150003011,0.0432253348684754
2.35214586267975,-0.451669084297938,-0.469542383581351,0.107239795700477
2.3606951563232,-0.471967826879442,-0.50016352134807,0.169174166811766
2.36915542319326,-0.486754724421562,-0.524849311407721,0.228567521916956
2.377548489567,-0.496050430282684,-0.543545484190575,0.284970323447347
2.38589326062593,-0.499884823754951,-0.556209312344602,0.337946931537903
2.39420673561585,-0.498301297779713,-0.562814120591744,0.387076936872183
2.40250473365082,-0.491359350838632,-0.563351961465722,0.431955663762535
2.41080247431459,-0.479136130087931,-0.557835167106059,0.472194222108768
2.41911508853251,-0.461727223672495,-0.546297079105521,0.507419132598156
2.42745811749251,-0.439246836424517,-0.5287920773221,0.537271445385497
2.43584805496565,-0.411827359039506,-0.505394887343455,0.561405169823689
2.44430299866764,-0.37961821304577,-0.476198994164488,0.579484686712307
2.45284350410229,-0.342783676594993,-0.441313772379702,0.591180574708257
2.46149379262619,-0.301499091416238,-0.400859565913906,0.596162846986005
2.47028358579818,-0.255944252390167,-0.354959208701097,0.594089737865575
2.47925109960229,-0.206291476646868,-0.303722868768653,0.584588352730709
2.48844835335002,-0.152682692685183,-0.247219226061542,0.567219200258154
2.49795162036664,-0.0951811988525265,-0.185415392861342,0.541405164052895
2.50788522037288,-0.0336551751752968,-0.118033339160067,0.506268983908622
2.51848946466347,0.0325728025290149,-0.0441224313057405,0.460171403008532
2.53041933590072,0.106339154302134,0.0398877187416277,0.398708613363038
2.53852489497356,0.155209916461846,0.0965755118998509,0.351806427371969
2.5466304540464,0.202488712270171,0.152272617879033,0.30129656634683
2.55754085183587,0.2627633653873,0.224672978572999,0.228542320885804
2.56729786510539,0.312564492894689,0.285925874627013,0.159831709606054
2.57650439426735,0.355309775652959,0.33984216793965,0.0928056462798538
2.58551048185473,0.392580013438997,0.388238551096934,0.0260487740523777
2.5943338590241,0.424277085773174,0.430889918532422,-0.0396769965554871
2.60300566018232,0.450407790690986,0.467708941204977,-0.10380690308395
2.61156043032593,0.471006423049514,0.498653064037365,-0.165879845927107
2.62002493893996,0.486092401195913,0.523664894223279,-0.225434958164196
2.62842115163469,0.495685886020199,0.542689339406756,-0.282020720319346
2.63676809714413,0.499816115319434,0.555682800803972,-0.335200112907229
2.64508285858889,0.498525670882375,0.562617617123088,-0.384551677444278
2.65338130346766,0.491873128681059,0.563484792710318,-0.429669984175556
2.6616786704703,0.479934650536546,0.558295596488377,-0.470165675710987
2.66999008266676,0.46280481262765,0.547082323986138,-0.505665068150928
2.67833104568154,0.440596813363446,0.529898353547602,-0.535809241104936
2.68671798612323,0.413442077272105,0.506817484771686,-0.560252444997483
2.69516889496906,0.381489144939552,0.477932396730493,-0.578659510745649
2.7037041672209,0.34490156599029,0.443351851666785,-0.59070171405897
2.71234778522326,0.303854217419176,0.403195905026081,-0.596050125641431
2.72112910860305,0.258526893876558,0.357587669615466,-0.594364654433448
2.7300857840157,0.209092769211406,0.306638642866803,-0.585275241932379
2.73926887887851,0.155696329226427,0.250420925537139,-0.568347577864275
2.7487529216814,0.0984071826531027,0.188909663282475,-0.543014883776233
2.75865854488896,0.0371095349959359,0.121846742892195,-0.508423247377554
2.76921613992388,-0.0288252886166001,0.0483411689836126,-0.462998745601276
2.78103627229623,-0.101996131448937,-0.0348906715533934,-0.402632759373262
2.79094056005598,-0.161660935737057,-0.104121814728612,-0.345234726050673
2.80084484781574,-0.21885107267417,-0.1717591516372,-0.282551526221819
2.8112490974549,-0.275304883185011,-0.239960259256829,-0.212067743569093
2.82083405220636,-0.32321897433739,-0.299230742101552,-0.143929393415027
2.83000656419632,-0.364740496717014,-0.351944044084365,-0.0767787157958914
2.83896677372333,-0.400680047811305,-0.398979401800503,-0.0102038760648153
2.84774965490088,-0.43103788022563,-0.440234870467659,0.0551819414521755
2.85639062861135,-0.455841930547009,-0.47565298096237,0.118866302492169
2.86492159617724,-0.475119275591291,-0.505183170845405,0.180383371524683
2.87336788585453,-0.488888253371109,-0.528767066133747,0.239272876575828
2.8817506583331,-0.497170714384012,-0.546351766469496,0.295086312512905
2.89008840013273,-0.499998778406772,-0.557897118859719,0.347390042717681
2.89839784334288,-0.497418661043643,-0.563379701284319,0.395766241444057
2.90669465532071,-0.489493035871196,-0.562795247905419,0.439813272205334
2.91499400182868,-0.476302422484761,-0.556160026143715,0.479145621953727
2.92331105159364,-0.45794585851023,-0.543511421667932,0.513393378946212
2.93166147896131,-0.434540965818415,-0.524907826451433,0.542201163798107
2.94006202089941,-0.406223398837212,-0.500427784466619,0.565226313776439
2.9485311575731,-0.373145529886053,-0.470168190172848,0.582135961720773
2.95709001782823,-0.335474033037114,-0.434241097181641,0.592602384867159
2.96576367747156,-0.29338568568822,-0.392768270334021,0.596295507874809
2.97458315643765,-0.247060020476024,-0.345871764661431,0.592870465112442
2.9835887255135,-0.196665936686658,-0.293656937428789,0.581946004452788
2.99283587153081,-0.142335614106411,-0.236179683993382,0.563064419321822
3.00240731384094,-0.0841084044942823,-0.173376689422355,0.535609709568433
3.01244130634722,-0.0217908528352553,-0.104893236167081,0.498614299990957
3.02321725527929,0.0454889372817547,-0.029540764206324,0.450178208928472
3.03558570531877,0.121622275159221,0.0575228632879743,0.384596471227481
3.04568915787562,0.181740906318864,0.127718371503367,0.32413520889298
3.05579261043248,0.238964627899226,0.195879373848873,0.258511524302114
3.06584543818197,0.292125208824521,0.260603897760886,0.189127866381813
3.07527373670912,0.337811667762047,0.317591790177354,0.121319265508157
3.08437301580937,0.377466141288797,0.368420952974027,0.0542711298886221
3.09326888907337,0.41152186112089,0.41351548420827,-0.0119617385242743
3.10199981026281,0.440005600946288,0.452810157287307,-0.0768273380461147
3.11060059402934,0.462947070585359,0.486253013128843,-0.139835655260903
3.11910048342161,0.480368201848854,0.513788348970124,-0.200520882727618
3.1275231851943,0.492287490000096,0.53535848916913,-0.258425995014206
3.13588883909924,0.498729698419718,0.550914233121922,-0.313107208213224
3.14421525272746,0.499731351160968,0.560420686716809,-0.364136013335044
3.15251873058228,0.495343995746238,0.563860649627305,-0.411099923286398
3.16081471247182,0.48563619737492,0.561236647929211,-0.453602703325745
3.16911831003306,0.470694665254376,0.552572024718137,-0.491264156782569
3.17744480459157,0.450624714689537,0.537911286774736,-0.523719432511194
3.18581016149127,0.425550132646943,0.517319754306754,-0.550617729958867
3.19423161985539,0.395612393200886,0.490882419271081,-0.571620156421167
3.20272843518276,0.360969022621031,0.458701740087227,-0.586396304797179
3.21132289346499,0.321790683477711,0.420893816164497,-0.594618796120713
3.22004180028442,0.278256119589146,0.37758185577073,-0.595954417089502
3.22891882713324,0.230543215751803,0.328884753232026,-0.590049224881334
3.2379985025016,0.178812386877812,0.274896083033735,-0.576502176935535
3.24734365773186,0.123173255362294,0.215642389794522,-0.55481480659337
3.257051131479,0.0636098288948491,0.150990502518798,-0.524284041743696
3.26729143238094,-0.00021920404022704,0.080402741501131,-0.483731673248148
3.278444732901,-0.069699599864187,0.00206467490387113,-0.430585648608349
3.29206857319071,-0.152602011977711,-0.0935251603725918,-0.354461109630712
3.30186972767112,-0.209646809355616,-0.160780825230314,-0.293195904751809
3.31167088215154,-0.263548787069982,-0.225625024869603,-0.227542573202279
3.32141924629263,-0.31324280184824,-0.286766404581892,-0.158858383598087
3.33070230318029,-0.35625686946318,-0.341049419865854,-0.0912446975839544
3.33970509666706,-0.393400655128591,-0.389318739080222,-0.024491496290211
3.34852158195431,-0.424955213101053,-0.431819524431928,0.0411858679852504
3.35719017771753,-0.450955291876261,-0.468501705415324,0.105278481234376
3.3657426048008,-0.471424291806679,-0.499308471252713,0.167305076676201
3.37420527298748,-0.486380894071838,-0.524181328990028,0.226802609509141
3.38260011765834,-0.495845557660377,-0.543065499868877,0.283319653250998
3.39094611654877,-0.499847801630265,-0.555917647834395,0.33641907722478
3.39926031586438,-0.498430557288757,-0.562710462544916,0.385679431536954
3.40755856192701,-0.491652799261069,-0.563435375748226,0.430695458922944
3.41585608498953,-0.479591115474762,-0.558104136501347,0.471078126159511
3.42416801135415,-0.462340519914037,-0.546749554200247,0.506454205717258
3.43250986185099,-0.44001464655967,-0.529425535815895,0.536465335537352
3.44089809192735,-0.412745338294706,-0.50620640220098,0.560766383437646
3.44935073844965,-0.38068151749008,-0.477185317278212,0.579022798728793
3.4578882654435,-0.343987050128197,-0.442471449780226,0.590906397912172
3.46653475802281,-0.302837016369932,-0.402185117056084,0.596088604116915
3.47531973135953,-0.257411214866919,-0.356449435186838,0.594229321919515
3.48428107658888,-0.207882456421705,-0.305375430912845,0.584957846946841
3.49347026940317,-0.154394136429173,-0.249033808735044,0.567838033835228
3.50296258534495,-0.0970131711993022,-0.187396313142183,0.542298851657285
3.51288023116503,-0.0356169397231106,-0.120196334603634,0.507476369283138
3.52345781212701,0.0304439082970981,-0.0465175343537047,0.461768655904817
3.53532452296345,0.103867750061149,0.0370439259024389,0.400942944952258
3.54481123355947,0.16100095885488,0.103349088734413,0.3459112207228
3.55429794415548,0.21587280191342,0.168202751729687,0.2860203011024
3.56480745859127,0.273089556180261,0.237252142265408,0.215024483489119
3.57443260070389,0.321385630211697,0.296933663329871,0.146711801290953
3.58361016708985,0.363117754795445,0.349853430876738,0.0795859435122461
3.59257769883992,0.399287536385054,0.39712417843556,0.0129801476969664
3.60136748713552,0.429879207728515,0.438624007816293,-0.0524688005266704
3.61001372886791,0.454915049803774,0.474287654900943,-0.116235630583017
3.61854875166649,0.474423247336905,0.504065718351059,-0.177854826084923
3.62699813707685,0.48842231173476,0.527899936309769,-0.236865747450055
3.63538318162076,0.496933773689933,0.545736950410898,-0.292819060325789
3.64372246255899,0.499989232797017,0.557535945015141,-0.345280273308748
3.65203277041646,0.497634259517287,0.563272713009127,-0.393830720951037
3.66032980518848,0.489930805368062,0.562942133002016,-0.438067965803724
3.66862874330438,0.476958625396413,0.556559584733123,-0.477605756020265
3.67694474346223,0.458815977041204,0.544161564530395,-0.512073524935147
3.68529344827439,0.435619711101855,0.52580560213919,-0.54111534622401
3.69369153775182,0.407504747761359,0.501569439485772,-0.564388150346478
3.70215740298805,0.37462279893966,0.471549274330851,-0.581558852347142
3.7107120394993,0.337140008719358,0.435856638939982,-0.592299781323745
3.71938032426765,0.295232850286738,0.394613070978086,-0.59628132414809
3.72819297445007,0.249080952356043,0.347940910060086,-0.593159746224257
3.73718977989992,0.198854057541972,0.295946741004342,-0.582556100774216
3.74642541136037,0.144686697805421,0.238689570775215,-0.564017237818765
3.75598105837674,0.0866239928326725,0.176113419613325,-0.536936560683916
3.76599162332143,0.0244874565510553,0.107882171553379,-0.500368290013943
3.77672687365204,-0.0425465449632878,0.0328662348541574,-0.452476678904671
3.78898588979177,-0.118090521999073,-0.053440731010274,-0.387898745932792
3.79905144994979,-0.178125851998816,-0.123458739338871,-0.32800267595967
3.80911701010782,-0.235345070304281,-0.191524845960351,-0.262921346063584
3.81923046623667,-0.289087854701858,-0.256863527993878,-0.193345960247882
3.82868629690224,-0.335178172578825,-0.314265477861078,-0.125476168306482
3.83779883170999,-0.375176389642877,-0.365442548605788,-0.0584030462225325
3.84670613949924,-0.409577700220431,-0.410893849704385,0.00789689690372153
3.8554462648783,-0.438405299051225,-0.45054901121899,0.0728622730065923
3.86405417824785,-0.461688746699978,-0.484355316674802,0.135999419848944
3.8725595726398,-0.479450725038861,-0.512257771974965,0.196842281616622
3.88098643405507,-0.491709611241038,-0.534198458128783,0.254933081326472
3.88935507983031,-0.498489587461796,-0.550127429076707,0.30982704968947
3.89768343507754,-0.499826339723848,-0.560008778073955,0.361094630100644
3.9059878773074,-0.495770418200125,-0.563824129345496,0.408322266872228
3.91428388353195,-0.486389295521942,-0.561574740100883,0.451112667473641
3.92258657112181,-0.471768539296203,-0.553282642451871,0.489084618934008
3.93091119643197,-0.452012312054973,-0.538991033590321,0.521872329212086
3.9392736665057,-0.427243273979972,-0.5187639699429,0.549124175777568
3.94769112220357,-0.397601842586802,-0.492685280069978,0.570500624899059
3.95618266848544,-0.363244619861794,-0.460856437286869,0.585670904550451
3.96477036702323,-0.324341574573026,-0.423392858173898,0.594307701605233
3.97348068739556,-0.281071157428346,-0.380417584942058,0.596078565082274
3.98234678353674,-0.233611680552221,-0.332050263343041,0.59063149674492
3.99141234636673,-0.182125361614616,-0.278386951669676,0.577569540330355
4.00073874544483,-0.126726495251333,-0.219460254757808,0.556402557038851
4.0104199588244,-0.0674105798740586,-0.155151472547733,0.526445356042049
4.02061976630724,-0.00386765072697759,-0.0849616384030622,0.486563926056508
4.03169608274017,0.0651733112389143,-0.00721582098335681,0.434334793333627
4.04501831520797,0.146444277052241,0.0863416245932376,0.360615914754023
4.05492411933711,0.204368171623831,0.154501966203538,0.29919723252176
4.06482992346625,0.259162689797556,0.220295662430248,0.233202164203852
4.07462344495583,0.30943786868908,0.282031036649516,0.164440992237384
4.08392864774812,0.35292615365331,0.336791296461248,0.0968091431523739
4.09294894003606,0.390535556238213,0.385537143463981,0.0299904766453898
4.10177957968248,0.422552698766358,0.428518993613547,-0.0357977690831341
4.11045917905712,0.449012003637876,0.465685419485058,-0.100040495083091
4.11902014461242,0.469938395021352,0.496981056055686,-0.162255966206
4.1274893641243,0.485350916937506,0.522347660057065,-0.221980458717352
4.13588907343615,0.495269539692709,0.541729774798243,-0.278761410633205
4.14423844979469,0.499722833716054,0.555082901558327,-0.332160407053637
4.15255466894175,0.498752501764185,0.562378276454254,-0.381754648140411
4.16085365297867,0.492416117902459,0.563605701984383,-0.427137504491547
4.16915066315824,0.480788771095691,0.558775202309469,-0.467918587282668
4.1774608156256,0.463963933581505,0.547917828601008,-0.503723370117022
4.1857995789667,0.442053703924851,0.531085753599179,-0.534192298045969
4.19418330860642,0.415188448434346,0.508351651747162,-0.558979219876896
4.20262988178599,0.383515739258625,0.479807212731763,-0.577748840838825
4.21115952221428,0.347198318824957,0.445560430060765,-0.590172667414847
4.21979595722538,0.306410536018684,0.405730954476909,-0.595922510749351
4.22856816088824,0.261332147883322,0.360442118692371,-0.594659824854295
4.23751317502906,0.212137192551734,0.309806773761139,-0.586017487256432
4.24668106004305,0.158972801084766,0.253900593569065,-0.569566754905792
4.25614451015084,0.10191512983182,0.192707122370274,-0.544751955230722
4.26602032027414,0.0408649218063462,0.125988895707265,-0.510743843405515
4.27652874303233,-0.0247569614500849,0.0529156635120883,-0.466035749773039
4.28823691968405,-0.0973180223458472,-0.0295166273181586,-0.406808370166132
4.29872732764621,-0.160609529211798,-0.102890529052911,-0.346314000953325
4.30921773560837,-0.221143293718279,-0.17449781996041,-0.279872842547219
4.31950332311419,-0.276814787444579,-0.241805780429561,-0.210054042090105
4.32903581835982,-0.324349089516175,-0.300645662398966,-0.142220562703252
4.33820828023269,-0.365753103895323,-0.353247405563965,-0.0750341899881534
4.34716521411184,-0.40155304992575,-0.400141465201879,-0.00846950834322258
4.35594370482247,-0.431763257472205,-0.441242799911381,0.0568772546350576
4.36458135135932,-0.456421131794967,-0.476506431055945,0.120511795565867
4.37310978639135,-0.475552997732458,-0.505880944338068,0.181967679633663
4.38155414463772,-0.489176981942386,-0.529307683660051,0.240784210305992
4.3899355018221,-0.497315141710653,-0.546733978923677,0.296513023278147
4.39827228865988,-0.499999929198661,-0.558120043569066,0.348720686222428
4.40658120104287,-0.497277968773328,-0.563442906158844,0.39698962431309
4.41487788625078,-0.48921239037829,-0.562698807358099,0.440918501878851
4.4231775037714,-0.475884196129732,-0.555904554542378,0.480122150475874
4.43149522910061,-0.457392915491827,-0.543098088087198,0.514231035572226
4.43984675708186,-0.433856655873767,-0.524338350760159,0.542890169318352
4.44824886118752,-0.40541153334668,-0.499704411070794,0.565757266344687
4.45672007852639,-0.372210334349347,-0.469293630867909,0.58249977911137
4.46528162312567,-0.334420063310403,-0.433218426523657,0.592790179279524
4.47395869785936,-0.292217682942932,-0.391600741634717,0.596298352150708
4.4827825163726,-0.245782653725946,-0.344562482555538,0.592678972977554
4.4917936577021,-0.195283321096893,-0.292208248544229,0.581549564684016
4.50104813318386,-0.140850335251071,-0.234591954176698,0.562449713553764
4.51062964950617,-0.0825192989795769,-0.171645552953805,0.534757523845367
4.52067863841821,-0.0200869850418624,-0.103002213784472,0.497491372455657
4.53148085068974,0.0473503724951018,-0.0274344720312215,0.44870906715794
4.54392196396596,0.123874818439221,0.060129414386849,0.382472424314234
4.55403353955956,0.183950865912738,0.13032524516926,0.321753724460867
4.56414511515316,0.241092094707042,0.198441670918155,0.255902542733322
4.5741649105537,0.293922998480222,0.262820001690992,0.18661798073538
4.58357801135829,0.339374348308055,0.319567555401817,0.11884075743743
4.59266929534858,0.378822885534724,0.370187762399911,0.0518107388088768
4.6015583796822,0.412672227034898,0.41506898103174,-0.0143805239810512
4.61028387974421,0.44095079315437,0.454148452736087,-0.0791859574903039
4.61888046146821,0.463688160956504,0.48737435892222,-0.142117187794297
4.62737710751843,0.480905856836557,0.514690603883676,-0.202708482282715
4.63579736280881,0.492622467543647,0.536039660901714,-0.260503160148399
4.64416126313257,0.49886311272974,0.551372763015145,-0.315057901712433
4.65248654739475,0.499664822532175,0.560655606375524,-0.365944703060099
4.66078947766943,0.495079743441935,0.563871677956351,-0.412751607086492
4.66908547252408,0.485177094912232,0.561024248499647,-0.455082921524489
4.67738964107131,0.470044268484373,0.552137433670302,-0.492558991115575
4.6857172804704,0.44978726739755,0.537256515318107,-0.524815487523339
4.69408439192954,0.424530549875764,0.51644756471037,-0.551502089007636
4.7025082745632,0.394416217813486,0.489796267657743,-0.572280299065538
4.71100827554883,0.359602344068309,0.457405671325436,-0.586819963542765
4.71960681743691,0.320259996449282,0.419392282191426,-0.594793714452862
4.72833091053842,0.276568078043706,0.375879401234012,-0.595867939141834
4.73721454229931,0.228704189634162,0.3269854529246,-0.589687579742632
4.74630275407861,0.176827612741619,0.272802473195127,-0.57584916272105
4.75565927640946,0.121045055003479,0.213353248481406,-0.55384916086756
4.76538272004226,0.0613333429158706,0.148495588044386,-0.522973470771094
4.7756478119063,-0.00266860264161661,0.0776674313664927,-0.482016204048656
4.78684902463881,-0.0724205562497338,-0.0010355718893824,-0.428309906162108
4.80067725147118,-0.156431195532124,-0.0979995687584972,-0.350589760641763
4.81040508487776,-0.212880674952016,-0.164633533338895,-0.289482849678722
4.82013291828434,-0.266186365861058,-0.228834732309722,-0.224109801308018
4.82985524397728,-0.315534355889859,-0.28962297936276,-0.155468259162592
4.83912557826569,-0.358263010475484,-0.343618950770685,-0.0878643582287949
4.84811787181198,-0.395123809839628,-0.391598251736878,-0.0211533486165021
4.85692587965328,-0.426397253597658,-0.433806365789609,0.044454673151707
4.86558789698699,-0.452118227193606,-0.470193962507056,0.108454411880698
4.87413522095917,-0.472309200478288,-0.500703325503026,0.170364750148429
4.88259397925134,-0.486988678050554,-0.525275852808961,0.229723048550446
4.89098592978727,-0.49617744013133,-0.543857197569299,0.286078544627815
4.89932993228201,-0.499905596567952,-0.556404738417442,0.338994851096943
4.90764295661062,-0.498216834320838,-0.562892050714532,0.388051298362166
4.91594080496462,-0.491170984750699,-0.563311555331814,0.432843423486691
4.92423869045212,-0.478845549844331,-0.557676046647461,0.472982980818783
4.93255174720661,-0.461336481613714,-0.546019398475044,0.508097501167978
4.94089552961266,-0.438758346225488,-0.528396566670782,0.537829322671766
4.94928655606876,-0.411243880617318,-0.504882866258483,0.56183391384699
4.95774296327838,-0.37894282111081,-0.475572348159109,0.579777162289797
4.96628536529413,-0.342019704661844,-0.440574881352919,0.59133106014645
4.97493807065852,-0.300650035001587,-0.400011164391879,0.596166776341756
4.98373093306839,-0.255013598440774,-0.35400413791591,0.593943236850811
4.9927023767179,-0.205282388241509,-0.302663634680973,0.584287478636787
5.00190476997294,-0.151597381379853,-0.24605715986982,0.566758670939802
5.01141502862277,-0.0940195329452246,-0.184148865594924,0.540775995898197
5.02135883908892,-0.0324110505410306,-0.116653246781255,0.505453177441345
5.03198023417132,0.0339238466158953,-0.0425970988553902,0.459125672827713
5.04395137132476,0.107913674573015,0.0417012276392707,0.397274681602469
5.05322800548462,0.163674673653502,0.106481509970426,0.343158982098453
5.06250463964447,0.217237328599367,0.169831678580294,0.284433900114434
5.07301707505158,0.274371699093615,0.238818536172195,0.21331897752852
5.08263864497603,0.3225407700463,0.298379790843478,0.144965875216929
5.09180816529603,0.364119553008041,0.351142776282961,0.0778606603504771
5.10077006214447,0.400143200498315,0.398262850491255,0.0112821000423623
5.10955573976067,0.430591800617471,0.4396134336916,-0.0541297984447724
5.11819877258893,0.455485397179661,0.475126624202064,-0.117847362134418
5.12673129777531,0.474851819724031,0.504752698005262,-0.179405269687388
5.13517877717105,0.488709583244572,0.528433453888033,-0.238343223860763
5.14356242267673,0.497080410003645,0.546115784207454,-0.294212245222853
5.15190075501597,0.499996217055837,0.557759255378186,-0.346578229934097
5.16021052868223,0.497502970581669,0.563340123487303,-0.3950229174338
5.16850742351745,0.489663065250991,0.56285377849592,-0.439144279469574
5.17680660929628,0.476556725499451,0.556316136641208,-0.478556466850546
5.18512325077222,0.458282687881446,0.543764237404479,-0.5128892971382
5.19347300993152,0.434958276836702,0.52525614255059,-0.541787194283327
5.20187260162435,0.406718863722724,0.500870094168046,-0.56490738267193
5.21034047146052,0.373716566500147,0.470702729933626,-0.581916980600876
5.21889769657306,0.336117855556243,0.434865917993549,-0.592488374623838
5.22756927564306,0.294099392346061,0.393481354087623,-0.596291770449369
5.23638611110661,0.247840749210133,0.346671223935403,-0.592982848351625
5.24538828698735,0.197511155939686,0.294541381976015,-0.582181356217974
5.25463097287383,0.143243710722403,0.237148953100326,-0.563431454267534
5.26419629249409,0.0850800169762314,0.174433497590595,-0.53612088368618
5.27422119153936,0.0228324727388352,0.106047579007529,-0.499290637612162
5.28498129594211,-0.0443518673475001,0.0308257940080147,-0.451065968133089
5.29730669668607,-0.120253419499323,-0.0559404441176762,-0.38587785228988
5.30739976644452,-0.180365410934175,-0.126097141842879,-0.325609614547774
5.31749283620297,-0.237610296746303,-0.194249295085573,-0.26016600996438
5.32756766418363,-0.290985399445218,-0.259199473153437,-0.190715557750682
5.33700600814652,-0.336822364018966,-0.316341321152148,-0.122886257200907
5.3461103028019,-0.376606470361005,-0.367301721883326,-0.0558284908660769
5.35501047330358,-0.410792338764483,-0.412530638006408,0.0104297954515522
5.36374484187653,-0.439405528268635,-0.4519610654514,0.0753332230965902
5.37234829679192,-0.462475752531316,-0.485540835377884,0.138390497079413
5.38085024841508,-0.480025214920122,-0.513214492711938,0.199135666750896
5.38927450740317,-0.492072360889341,-0.534924256130079,0.25711137144443
5.397641279864,-0.498641732654069,-0.550620633584626,0.311873405583342
5.40596841727379,-0.499769537278429,-0.560268340072307,0.36299281676327
5.41427225133869,-0.495506945862798,-0.563849724444781,0.410056671491898
5.42256823563511,-0.48592211172126,-0.561366828449063,0.452668300366815
5.43087148373678,-0.471101314010054,-0.552842496909229,0.490447097395048
5.43919726733873,-0.451149434040207,-0.538320740966918,0.523027841560262
5.44756152957235,-0.426189834854317,-0.517866404672949,0.550059418911795
5.45598147223567,-0.396363593413769,-0.491564043939834,0.57120270315639
5.46447629370193,-0.361827889231642,-0.459515750677074,0.586127168672596
5.473068194853,-0.322753125817194,-0.421837374210978,0.594505490362706
5.48178385374435,-0.279317940444173,-0.378652070501187,0.596004780342083
5.49065674528946,-0.231700385835224,-0.330079031761973,0.590271875560496
5.49973107947959,-0.180061569572535,-0.276212791461435,0.576907331333404
5.50906913081229,-0.124512903692307,-0.217082220019822,0.555415897965086
5.518766645283,-0.0650428000629107,-0.152559696164448,0.525101376609225
5.52899154960664,-0.00132200290592783,-0.0821224290741213,0.484802557009161
5.5401153960006,0.067990736869137,-0.0040100895530336,0.432004958533024
5.55362022009469,0.150248823292582,0.0907784270131788,0.356822377676422
5.56346327582687,0.207640905860614,0.15839349943907,0.295484438529263
5.57330633155905,0.261893601229387,0.223612718778407,0.229685294705878
5.58307143583365,0.3118059359542,0.284977001860835,0.160973604560186
5.59236270219108,0.354999010266708,0.339440052951062,0.093353743893873
5.60137209612969,0.392319255937718,0.387890021523682,0.0265754064842159
5.61019391530371,0.424049110345865,0.430573160389812,-0.0391443002636878
5.61886665451861,0.450223219669508,0.467438913373695,-0.10329416222512
5.62742229648603,0.470865564205051,0.498431024344618,-0.165392760837402
5.63588743004168,0.485994951744974,0.52349108142322,-0.224976778069478
5.64428410316521,0.495631650137229,0.542564040248369,-0.28159434066684
5.65263136841322,0.499804815468179,0.555606117885237,-0.334807814502344
5.66094632049897,0.498556911277257,0.562589448137306,-0.384195221160292
5.66924483399549,0.491946380079825,0.5635048413157,-0.429350767415254
5.67754215049381,0.480049241006054,0.55836338973976,-0.469884892402234
5.68585339204766,0.462959923521605,0.547197234430688,-0.505423865454498
5.69419405925586,0.440791479967499,0.530059624192495,-0.535608865349976
5.70258056914344,0.413675194452526,0.507024256306493,-0.560094371123797
5.71103089741059,0.381759479244492,0.478183738008347,-0.578545552583132
5.71956541606523,0.345207777359295,0.443646796858286,-0.590634116993951
5.72820807321243,0.304194896780912,0.403533505053573,-0.596031649635967
5.73698817667213,0.258900629302815,0.357967073708278,-0.594398666432778
5.74594329172433,0.209498267766737,0.307059244220809,-0.58536585872443
5.75512435003953,0.156132658134733,0.250882650065498,-0.568499951584594
5.76460563214347,0.0988742994456799,0.18941360991454,-0.543235862813158
5.77450724939714,0.0376096514000757,0.122396838561582,-0.508723122969037
5.78505820539815,-0.0282831625255161,0.0489496725841231,-0.463397010657835
5.79686300585834,-0.101370644731763,-0.034172438453327,-0.403189237670619
5.80686902992658,-0.16165811120562,-0.104118639089186,-0.345236832698604
5.81687505399482,-0.2194199206831,-0.172438248522767,-0.281890032961998
5.82725604588467,-0.275711704244189,-0.240456611958361,-0.211530553714966
5.83683153940911,-0.323545690314725,-0.299638691944393,-0.14344199022199
5.84600340216438,-0.365030597783707,-0.352316215647666,-0.0762862928162419
5.8549624123064,-0.400929242642216,-0.399309878589195,-0.0097161843181286
5.86374405442297,-0.431245046973089,-0.440521607821084,0.0556593650879696
5.87238408460351,-0.456007445264477,-0.475895917753532,0.119330834934329
5.88091432831806,-0.475243314632009,-0.505381991182105,0.180832059300576
5.88936006581376,-0.488970954981618,-0.528921375871666,0.239702525340291
5.89774243355715,-0.497212275350631,-0.546461208810014,0.295493600756299
5.90607990197333,-0.49999948978653,-0.557961415716996,0.347771555582797
5.91438919277766,-0.497378930277801,-0.563398682107584,0.396118510978695
5.92268596756383,-0.489413400433516,-0.562768871142369,0.440132824253119
5.93098539026958,-0.476183557388501,-0.556088394916859,0.479429025170152
5.9393026315163,-0.457788579005659,-0.543394794335291,0.513637291977793
5.94765337145503,-0.434346225636063,-0.524746621661891,0.54240237615497
5.95605435741399,-0.405992283423125,-0.500222579301523,0.565381775270388
5.96452408573068,-0.372879242922082,-0.469919708633557,0.582242794268851
5.97308370944658,-0.335173872676461,-0.433950184066121,0.592657868337961
5.98175834045756,-0.293053003412592,-0.392435841279566,0.596297027201848
5.99057905369706,-0.24669614809705,-0.345498714115644,0.592815396111562
5.99958620742524,-0.196272049868317,-0.293243965353569,0.58183149291151
6.00883543719821,-0.141912456162642,-0.235726947686069,0.562886949140562
6.01840974199788,-0.0836556590022503,-0.172883022631479,0.535364181775372
6.02844799135001,-0.0213054445268969,-0.104354062529959,0.498291708018374
6.03923137840858,0.0460190517252645,-0.0289405647791882,0.449757699026716
6.05162023980929,0.122262267396825,0.058263561450992,0.383992235675001
6.06172703310356,0.182374970544366,0.128466256981881,0.323452281374906
6.07183382639784,0.239580745385887,0.196621168367817,0.257757462108418
6.08187690140763,0.292644963105872,0.261244210193983,0.188404517471331
6.09130072717144,0.338263175946358,0.318162159940981,0.120606096032265
6.10039770473073,0.377858292899,0.368931054741519,0.0535634289448852
6.10929161646111,0.411854484203986,0.413964046945161,-0.0126573764470451
6.11802096831,0.440279031692176,0.453196659377325,-0.0775057661108915
6.12662053584002,0.463161621879392,0.486576987927928,-0.140492196291218
6.13511948638368,0.480524066511816,0.514049205139071,-0.201150831763534
6.14354147965155,0.492384885681672,0.535555667543112,-0.259024691168639
6.15190662524882,0.498768944829945,0.551047289476318,-0.313670067878238
6.16023271083929,0.499712913556555,0.560489337554066,-0.364658543985067
6.16853602859774,0.495268511897995,0.563864801292243,-0.411577736365488
6.17683201213016,0.485504493637015,0.561176414730597,-0.454031526561488
6.18513577227583,0.470507764757056,0.552447738892003,-0.491639844809683
6.19346259485617,0.450383839037212,0.537723501340872,-0.524037973821962
6.20182845547888,0.425256697196318,0.517069238376136,-0.550875247078912
6.21025061046988,0.395267994646332,0.490570143762262,-0.571812894695578
6.2187483416342,0.36057541573565,0.458328849521281,-0.58652060271379
6.22734397415125,0.321349740628058,0.42046157822857,-0.594671025603072
6.23606437233924,0.277769760305588,0.377091572520193,-0.59593087328763
6.24494329828898,0.230013279884847,0.328337600870459,-0.58994592591367
6.25402542743294,0.178240391792363,0.274292806660564,-0.576314489209204
6.26337384842187,0.122559887444865,0.214982669523169,-0.554536692469824
6.27308590603736,0.0629537282984823,0.150271453925016,-0.5239063537592
6.28333330979442,-0.000925015815028217,0.0796145541565556,-0.483237419829503
6.29450027568697,-0.0704830078726733,0.00117214069702033,-0.429930891418162
6.3081809915587,-0.153693590775835,-0.0948002449477417,-0.35336007496856
6.31796190049791,-0.210572524051456,-0.161883300278972,-0.292135342634909
6.32774280943711,-0.264307771679311,-0.226548285513502,-0.226556916994854
6.33748360585258,-0.31390200698295,-0.287587743843573,-0.157885578836261
6.34676295676007,-0.356833965674529,-0.341788117254247,-0.0902750905216957
6.35576272606907,-0.393896541746306,-0.389974202978702,-0.0235340326056267
6.36457676896219,-0.425370427957492,-0.432391005114158,0.0421234629399956
6.37324346860013,-0.451290414303283,-0.468988668842655,0.106189527236234
6.3817944246524,-0.471679633932731,-0.499710123510113,0.168182937464296
6.39025596532317,-0.486556714061882,-0.524496839290738,0.22764075137314
6.39864997467887,-0.495942204022816,-0.543294156738905,0.284111716296533
6.40699539633893,-0.499865791319877,-0.556058940737801,0.337158896507545
6.41530925442031,-0.498370623419869,-0.562764131288862,0.38636104721396
6.42360738243244,-0.491515920380489,-0.563401440581524,0.431313121206208
6.43190500557696,-0.479378532203171,-0.557982914789845,0.471626295520043
6.44021725227463,-0.462053741981688,-0.546541666590253,0.506927547651389
6.44855965284417,-0.4396554512852,-0.529131902587724,0.536858707815142
6.45694868062903,-0.41231575982767,-0.505828228497694,0.561074812020143
6.46540240092457,-0.380183824083454,-0.476724063406785,0.579241435939986
6.47394132049769,-0.343423703518603,-0.441928778850007,0.591030451988422
6.48258958810874,-0.302210601489504,-0.401562804966702,0.596113220863191
6.4913768153139,-0.256724316076727,-0.355749213101264,0.594149382147219
6.50034104488537,-0.207137429141743,-0.30459869674266,0.584767605605498
6.50953400610692,-0.153592653821949,-0.248181059452864,0.567530433785491
6.51903143952979,-0.0961552233102343,-0.186465903586196,0.54186408165577
6.52895653516287,-0.0346982409905413,-0.119181295199408,0.506898325253202
6.53954654633873,0.0314406612815839,-0.0453949498708926,0.461013666914859
6.55144255424399,0.105023452470188,0.0383737518727606,0.399898203584565
6.5604456167646,0.159256899784207,0.101307531305173,0.347696210874202
6.56944867928522,0.211475507812749,0.162959707901096,0.29109479946992
6.58009445628173,0.269719918628848,0.233139774099186,0.219480867177969
6.58976751216749,0.318532633015946,0.293366019282571,0.15099968240025
6.59895436555718,0.360595681237466,0.346611757759631,0.0839035408670147
6.60793402111985,0.397123199030135,0.394248655171804,0.0172472631499881
6.6167345695145,0.428075213784462,0.436124447947424,-0.048295404977772
6.62538901769137,0.453468180744534,0.472165645466508,-0.11218478833184
6.63393037419988,0.473332083032323,0.502324805665026,-0.173956335796216
6.64238460169558,0.487685686821916,0.526543870352415,-0.233149101182993
6.65077320989877,0.496550050258376,0.544768853981318,-0.289312822337652
6.65911491928067,0.499955985189222,0.556957985556768,-0.342012002205278
6.66742661278342,0.497948076327897,0.563085898049383,-0.390826930328918
6.67572404260945,0.490587167568637,0.563146186071041,-0.435354111014423
6.68402240333963,0.477951838434618,0.557152880177865,-0.475206250459477
6.69233683992384,0.460139144700877,0.545141109386471,-0.510011788113564
6.70068294795977,0.437264747486178,0.527167062816119,-0.539413891979647
6.70907732198548,0.409462431514451,0.503307220110967,-0.563068731579096
6.7175382188771,0.376882883421467,0.473656665255383,-0.5806426910035
6.72608643302362,0.339691417154312,0.438326072819999,-0.591807933994125
6.73474654162791,0.298064013516632,0.397436559310898,-0.596235274765594
6.74354880608497,0.252180406431382,0.35111080673156,-0.593582401801066
6.75253229433036,0.202211555519622,0.299457148071437,-0.58347355531089
6.76175045725812,0.148295443626853,0.242539134081951,-0.565462142730586
6.77128221232595,0.0904856618861197,0.180311547045441,-0.538955310955927
6.78125753543519,0.0286255662498703,0.112465422177505,-0.503039135565809
6.79193229803322,-0.0380392485403659,0.0379558107698824,-0.45597035586149
6.80403522852015,-0.112741468029955,-0.0472658432498823,-0.392853748680438
6.81392883457405,-0.171969579535657,-0.11621641544129,-0.334518984566201
6.82382244062795,-0.228570889314059,-0.183391808220226,-0.271074486562995
6.83406659452539,-0.283488277661851,-0.249982692031055,-0.201033513784772
6.84357999768222,-0.330349031814758,-0.308180803013844,-0.133009372805483
6.85271580924528,-0.370965546498246,-0.359981383832609,-0.0659049759938247
6.86164401327582,-0.405993538487534,-0.406078502377699,0.000509783340993941
6.87040125968974,-0.435445936093734,-0.446387883373246,0.0656516836770729
6.87902241197267,-0.459350439690477,-0.480853339785144,0.129017400568001
6.887538032297,-0.477731358026702,-0.509421488571671,0.190140783269815
6.89597264299313,-0.490606979122937,-0.532034136710589,0.248562945525909
6.90434689497597,-0.498000481302877,-0.548640061774617,0.303837482830441
6.91267893471306,-0.499946061418027,-0.559201574235655,0.355533076905765
6.92098527854352,-0.496492479030423,-0.563698204455469,0.403234352550275
6.9292814762691,-0.487705234724086,-0.562128933041652,0.446542189905394
6.93758266050179,-0.473667828554514,-0.554513427114381,0.485073591359203
6.9459040472137,-0.454482329474685,-0.540892509561085,0.518461080518404
6.95426144323181,-0.430269345111678,-0.521327932910442,0.546351526792583
6.96267181804638,-0.401167359997501,-0.495901389101986,0.568404174626905
6.97115401282361,-0.367331271506384,-0.46471251907362,0.584287485403411
6.9797296958142,-0.328929742818289,-0.427875427451962,0.593674107802041
6.9884247481308,-0.286140611731809,-0.3855127360812,0.596232746096348
6.99727142020923,-0.239142817926295,-0.337745249947114,0.591614592124915
7.00631194840614,-0.188101560174945,-0.284673153144328,0.579429557816298
7.01560518343211,-0.133138980156821,-0.226339247174884,0.559201602108378
7.02524023292764,-0.0742698312764251,-0.162649114885662,0.530275701655422
7.03536964783329,-0.011235905428589,-0.093167791143922,0.491591314291998
7.04631567525232,0.0570512935085871,-0.0164425295582099,0.440962938400782
7.05918756071469,0.135893867670583,0.0740655536054273,0.370969884390933
7.06923285198185,0.195085059962874,0.143488243234706,0.309580900369008
7.07927814324901,0.251204413547535,0.210651118712072,0.243319769012777
7.08916162657725,0.302563759558216,0.273500364675731,0.174380369294908
7.0985105136022,0.346912544226993,0.329128770330607,0.106702643378315
7.10756247673832,0.38534925969023,0.378719531229981,0.0397783707614887
7.11641890835904,0.418189047381404,0.422555431223929,-0.0261983030551531
7.1251186431443,0.445464963934499,0.460581614305041,-0.0906999022232473
7.13369523645685,0.467204480263241,0.49274498124708,-0.15324300590303
7.14217647320402,0.48342753039762,0.518988005184425,-0.21336284872083
7.15058515151648,0.494153346811229,0.539254172172784,-0.270604952169334
7.15894082024787,0.499408888183822,0.553497001986018,-0.324528682813175
7.16726089788289,0.499233720076702,0.561685202732996,-0.374708895937763
7.17556145117083,0.493682955386814,0.5638057166308,-0.420736567463917
7.18385780512364,0.482829034046109,0.5598655224417,-0.46221893037355
7.19216506618375,0.46676269277933,0.549892553567704,-0.498779164730245
7.2004986190345,0.445593295880454,0.533935894197402,-0.530055589901685
7.20887465193595,0.419448568328397,0.512065270266922,-0.55570021163115
7.21731077214843,0.388473649499801,0.484369707068333,-0.575376345411196
7.22582679542722,0.352829226955978,0.450955031854502,-0.588754829391144
7.23444584191189,0.312688249255661,0.411939577620849,-0.595507970191128
7.24319597001977,0.268230219867941,0.367446828567976,-0.595299652200213
7.25211279199582,0.219631019661494,0.317592445388837,-0.587768554364054
7.26124400532374,0.167043726590382,0.262460063102214,-0.572498019070991
7.27065804716963,0.110559325000861,0.202052220532735,-0.548957373191245
7.28046295872344,0.0501156902636919,0.136177871719106,-0.516373088732486
7.29085656313226,-0.01475789888072,0.0641399325993744,-0.473386988880566
7.302316580974,-0.0859560349027297,-0.0164933552970063,-0.416776077634341
7.31370508258836,-0.154968409443779,-0.0962912761263909,-0.352062799904327
7.32509358420272,-0.220845601478964,-0.174140894740708,-0.280228240429539
7.33526006048235,-0.275917833100954,-0.240708615507624,-0.21125530555998
7.34471144183103,-0.323142520769718,-0.299133648028426,-0.144053236447752
7.35389785831958,-0.364731403451879,-0.351930750416445,-0.0768039182126066
7.36286428561634,-0.400695341026765,-0.398998203017042,-0.0101828280583373
7.37164676052508,-0.431049549805537,-0.440249699974177,0.0552009010118394
7.38028751059429,-0.455850817757395,-0.475664974775686,0.118884942109745
7.38881844232586,-0.475125943658796,-0.505193157975687,0.180403285901346
7.39726470535208,-0.488892705800998,-0.528775057689115,0.239294111328703
7.40564745616401,-0.497172955864218,-0.546357732970483,0.295108662637584
7.41398518327254,-0.499998824413249,-0.557901010686163,0.347413117637486
7.42229461831124,-0.49741653340659,-0.563381447198368,0.395789482750671
7.43059142829569,-0.489488763416028,-0.562794763266287,0.439835999101551
7.43889077888697,-0.476296041462174,-0.556157221961657,0.479167082996895
7.44720783891341,-0.457937412740183,-0.543506213609589,0.513412805216437
7.45555828303304,-0.4345305065915,-0.524900143281633,0.542217820140796
7.4639588487712,-0.406210984544362,-0.500417575359386,0.565239544890144
7.47242801716343,-0.373131225285438,-0.470155430319157,0.58214523020231
7.48098691835721,-0.335457907967892,-0.43422579108701,0.59260729871471
7.48966063009954,-0.293367812852163,-0.392750452067144,0.596295835289886
7.49848017528039,-0.247040471510085,-0.345851493935499,0.592866134552483
7.50748582938419,-0.196644774834571,-0.29363428939258,0.581937087348052
7.5167330872249,-0.142312879401848,-0.236154727816444,0.563051090487575
7.52630468315179,-0.084084080138018,-0.173349442139159,0.535592172006846
7.53633890405884,-0.0217647742178041,-0.104863545633152,0.498592628492088
7.54711525179888,0.0455174145568149,-0.0295079015209534,0.450151896466609
7.55948479300333,0.121656626863114,0.0575630233073406,0.384561621334639
7.56958844788602,0.18177507720452,0.127758858123205,0.324097314487892
7.5796921027687,0.238997957854073,0.195919456900472,0.258471005721607
7.58974439879069,0.292153306011128,0.260638264617035,0.189090248364559
7.59917245377974,0.337836069442169,0.317622220734886,0.121283092243694
7.60827160867295,0.377487338070913,0.368448039640925,0.0542357905799258
7.61716737592903,0.411539842786539,0.413539214138368,-0.0119962281109736
7.6258982122503,0.440020385432123,0.452830555002193,-0.0768610174204222
7.6344989302583,0.462958674875804,0.486270098619507,-0.139868542462222
7.64299876889622,0.480376636357091,0.513802124806994,-0.200552930699417
7.65142143236753,0.492292766435082,0.535368947466144,-0.25845708618637
7.65978705879035,0.498731833983154,0.550921359533611,-0.313137153302741
7.66811345467532,0.499730370907698,0.560424463379494,-0.364164554830778
7.67641692385662,0.495339934049133,0.563861058024336,-0.411126743851221
7.68471290580483,0.485629098798727,0.561233671829057,-0.453627438181984
7.6930165121117,0.47068458500214,0.552565653160216,-0.491286408948453
7.70134302434386,0.450611718696412,0.537901516970838,-0.523738789646553
7.70970840839781,0.425534297326531,0.517306594244039,-0.55063378150505
7.71812990432416,0.395593804774628,0.490865889721492,-0.571632509681185
7.72662676904018,0.360947775863108,0.458681875621561,-0.586404598550718
7.7352212906507,0.321766879530255,0.420870664573284,-0.594622710258175
7.74394027790497,0.278229862164738,0.377555474903366,-0.595953676431765
7.75281740717838,0.230514604300907,0.328855203388579,-0.590043594526027
7.76189721487894,0.178781503512158,0.274863410894458,-0.576491444293802
7.77124254620584,0.123140137497889,0.215606594028743,-0.554798739185121
7.78095026705043,0.0635744039192111,0.150951452292776,-0.524262290241388
7.79119095059106,-0.000257310540960001,0.0803599410957807,-0.483703509820444
7.80234498605325,-0.0697418825929712,0.00201627391353271,-0.430548939039023
7.81597185775435,-0.152660715705637,-0.0935938884443968,-0.354400963567439
7.82577193654782,-0.209696670129157,-0.160840295477306,-0.293138247911106
7.83557201534129,-0.263589746543881,-0.225674865053693,-0.227489288941129
7.84531996938496,-0.313278371541547,-0.286810666648625,-0.158806229357534
7.8546028253283,-0.356288008432527,-0.341089164196236,-0.0911930654177485
7.86360545555918,-0.393427416191075,-0.389353955943447,-0.0244407614857657
7.87242180898018,-0.424977625256386,-0.431850191676016,0.0412353985177841
7.88109030235572,-0.450973386424361,-0.468527812529228,0.105326556629203
7.88964265000633,-0.471438085634976,-0.499329992131565,0.167351438979534
7.89810525730352,-0.486390401082634,-0.524198232685015,0.226846989614286
7.90650005685278,-0.495850796583165,-0.543077758227546,0.283361769866285
7.9148460245446,-0.499848800250151,-0.555925239458385,0.3364586352494
7.92316020538931,-0.498427355028817,-0.562713375341428,0.385716121875661
7.93145844501446,-0.491645448767724,-0.563433608749979,0.430728959893527
7.93975597339745,-0.479579683520221,-0.558097701232036,0.471108106270888
7.94806791695176,-0.462325087779697,-0.546738475692481,0.506480327476705
7.95640979701584,-0.439995309957876,-0.529409853261965,0.536487259824534
7.96479806999824,-0.412722206792455,-0.506186169103374,0.560783773865515
7.97325077429327,-0.380654713289186,-0.477160600832724,0.579035325261224
7.98178837622448,-0.343956705882287,-0.442442329012397,0.590913738780657
7.99043496432738,-0.302803271409316,-0.402151678851032,0.596090444650299
7.99922005895454,-0.257374208552002,-0.356411766557412,0.594225348032457
8.00818155938903,-0.207842315884508,-0.305333604061658,0.584947729062901
8.01737095494193,-0.154350952258057,-0.248987850945041,0.567821392121901
8.02686354610934,-0.0969669437995807,-0.187346140377341,0.542275179466564
8.03678159234045,-0.0355674405749805,-0.120141581117988,0.507444843258046
8.04735984050646,0.0304976033736873,-0.0464569854311903,0.461727532829265
8.05922811744882,0.103929945380697,0.0371155630625536,0.400886293908858
8.06869592105434,0.160949279705925,0.103288652849969,0.345963761135735
8.07816372465985,0.215716965574577,0.168016854887037,0.286200664125239
8.08867832294604,0.272971450756768,0.237107927968905,0.215181136727174
8.0983053227402,0.321286514831511,0.296809625914425,0.146861333502514
8.10748319507648,0.363030122926018,0.349740670615887,0.0797367138607824
8.11645113773475,0.399212353708665,0.397024137348354,0.0131292981618675
8.12524129898774,0.429816604208941,0.438537083725757,-0.0523228771008936
8.13388782527667,0.454864915234931,0.474213911582466,-0.116093978085212
8.14242306746735,0.47438553201991,0.504005285247829,-0.177718519367515
8.15087262046176,0.488396974687234,0.527852949484099,-0.236735848781189
8.15925778814383,0.496920757014009,0.545703522694569,-0.292696594083363
8.16759715270688,0.499988450810324,0.557516154394084,-0.345166221502559
8.17590750785367,0.49764559194813,0.563266595428486,-0.393726020882135
8.18420455536282,0.489954093169651,0.562949678052777,-0.437973509298754
8.19250347226214,0.476993668426566,0.556580733482913,-0.477522390338083
8.20081941673472,0.458862533192019,0.544196209085628,-0.512002055361656
8.20916802971291,0.435677496760616,0.525853586853831,-0.541056540559293
8.21756598817661,0.407573439755654,0.501630564047761,-0.564342745752637
8.2260316784716,0.374702038457184,0.471623299365949,-0.581527565452587
8.23458608900411,0.337229408239412,0.435943295446175,-0.592283323240583
8.24325408615596,0.295332005578025,0.39471207616628,-0.59628042352953
8.25206637095302,0.249189463729519,0.348051994814841,-0.593175186511929
8.26106270765621,0.198971569467323,0.296069700231427,-0.582588784584628
8.27029772365809,0.144812978741435,0.238824363486878,-0.56406830847266
8.27985252745981,0.0867591153942666,0.176260392148564,-0.537007660525785
8.28986184465614,0.0246322804880604,0.10804264948408,-0.500462213976118
8.30059493848613,-0.0423886405293075,0.0330446240115956,-0.452599587245419
8.31284825873588,-0.117901927302739,-0.0532228787075033,-0.388074291571413
8.32291063622254,-0.177925906032799,-0.12322331325274,-0.328215556680357
8.3329730137092,-0.235138710399572,-0.191276797671601,-0.263171476367827
8.34309010821694,-0.288915573592056,-0.256651567160666,-0.19358403858834
8.35254757577034,-0.335029077706302,-0.314077354513828,-0.125710339154839
8.36166085115776,-0.375046625002734,-0.365273960356975,-0.0586359878745536
8.37056880573712,-0.409467418978642,-0.410745355800583,0.0076676209316453
8.3793094548776,-0.438314416299711,-0.450420837730716,0.0726385285860326
8.38791777373805,-0.461617152890323,-0.484247626156348,0.13578283959615
8.39642348128143,-0.479398355759612,-0.512170770974416,0.196634491288823
8.40485057958012,-0.491676396804968,-0.5341323417532,0.25473566968939
8.41321939611523,-0.498475425992076,-0.550082351554362,0.309641553373718
8.42154786271922,-0.499831082450514,-0.559984837286528,0.360922529016084
8.42985236109279,-0.495793860334182,-0.563821357320369,0.408164981917122
8.43814837040702,-0.486431170786721,-0.561593097459895,0.45097156003904
8.44645100841212,-0.471828517087162,-0.553322015788653,0.488960992208944
8.4547755301126,-0.45208999674292,-0.539051235328831,0.521767431515465
8.4631378393297,-0.42733820630459,-0.518844740719513,0.549039206489538
8.47155507146479,-0.397713503524185,-0.492786294198888,0.570436744048218
8.48004632309981,-0.363372437945026,-0.460977312596859,0.585629247910993
8.48863364341924,-0.324484938659687,-0.423533172760019,0.594289404601996
8.49734348330733,-0.281229438884559,-0.380576905822857,0.596084801629784
8.50620896793884,-0.233784273077261,-0.332228197264766,0.590663545125029
8.51527374178464,-0.182311757090207,-0.278583240771578,0.577628902088221
8.52459909358169,-0.126926441428838,-0.21967497329625,0.556491191204471
8.53427884395065,-0.0676244531309395,-0.155385486989826,0.526566203153321
8.54447640525185,-0.00409753233661104,-0.0852179220183124,0.486722338090208
8.55554849623241,0.0649191913159948,-0.00750482656347347,0.43454410727681
8.56885502147736,0.146105316792678,0.0859466029539747,0.360952283032222
8.57876611512348,0.204074795015443,0.154153352423214,0.299528655553376
8.58867720876959,0.258916055272119,0.219996292060615,0.233518579269029
8.59847335028443,0.309224190358228,0.281765404569169,0.164752714734353
8.60777983637546,0.352739130718002,0.336552510408045,0.0971197218597426
8.61680111297422,0.390374522262556,0.385324933747292,0.030297531091584
8.62563255029078,0.422417489388728,0.428333621031344,-0.0354967898556984
8.63431277060669,0.448902429868254,0.465527060845568,-0.0997477858638849
8.64287421806125,0.46985435201818,0.496849966826042,-0.161973688847173
8.65134380764774,0.485292322893223,0.522244112933676,-0.221710740242717
8.65974379230372,0.495236287028143,0.541654006505812,-0.278506316866012
8.66809336061128,0.499714762773182,0.555035085049102,-0.331921933655519
8.67640969568971,0.498769384856134,0.562358504278577,-0.381534716534656
8.68470872398772,0.492457649499002,0.563613976199051,-0.426937960200297
8.69300570859128,0.48085456217835,0.558811428913322,-0.467741200409831
8.70131576517843,0.464053509131801,0.547981815476068,-0.503569838065599
8.7096543595266,0.442166503158082,0.531177211653944,-0.534064250975173
8.71803784160605,0.415323827943077,0.508470199598428,-0.55887822993211
8.72648407991504,0.383672979869852,0.479952386032168,-0.577676436973894
8.73501328498241,0.34737663794653,0.445731697776414,-0.590130358979304
8.74364916452313,0.30660910901024,0.405927746600901,-0.595911825543963
8.75242066296851,0.261550145577296,0.360663874321015,-0.59468237246231
8.76136477572337,0.212373850109172,0.310053028385109,-0.586075069655626
8.77053148607283,0.159227553594058,0.254171149196401,-0.569661573614058
8.77999334827537,0.102187908236801,0.19300241494663,-0.544887040258974
8.78986686606253,0.0411569057763517,0.126310920163664,-0.510924086323872
8.80037153039319,-0.0244408833706125,0.0532709654774504,-0.466271093088377
8.81207129833395,-0.0969560373580118,-0.02910104049143,-0.407129981199491
8.82259670540646,-0.160467214293845,-0.10272389334574,-0.346459925688627
8.83312211247897,-0.221204703402028,-0.174571219643186,-0.279800902553048
8.84340180775769,-0.276841141103894,-0.241838024295322,-0.210018700851434
8.85293129892031,-0.324358884977259,-0.300657947634206,-0.14220562405832
8.86210404041405,-0.365763071362575,-0.35326025767992,-0.0750168820959303
8.87106105803088,-0.401562072001765,-0.400153497635074,-0.00845144620014904
8.87983949668918,-0.431770729475465,-0.441253203689409,0.0568948452836653
8.88847710580001,-0.456427085998345,-0.476515223354864,0.120528824139115
8.89700551486536,-0.475557451565381,-0.505888126418081,0.181984049116196
8.90544985331933,-0.489179940331445,-0.529313239951022,0.24079979771746
8.91383119597121,-0.497316611730441,-0.546737896631404,0.296527709405783
8.92216797301757,-0.49999992147107,-0.558122314232263,0.348734356567159
8.9304768799811,-0.497276498145917,-0.56344352626466,0.397002168712456
8.93877356393594,-0.489209476410194,-0.562697778816618,0.440929814438544
8.94707318430691,-0.475879863359289,-0.555901884929147,0.480132129419147
8.95539091666152,-0.457387193530607,-0.543093790692966,0.514239582974156
8.9637424560566,-0.433849579339483,-0.524332444454659,0.542897190691055
8.97214457634354,-0.40540314161396,-0.499696919947374,0.56576267000048
8.98061581522169,-0.37220067105602,-0.469284583584949,0.582503475173572
8.98917738760158,-0.334409175486751,-0.433207855172416,0.592792078113989
8.99785449767483,-0.29220561950578,-0.391588679806172,0.596298361802356
9.00667836109667,-0.245769462799648,-0.344548961935018,0.592676994812222
9.01568956010418,-0.195269045002901,-0.292193292596791,0.58154548556334
9.02494411148543,-0.140835000339176,-0.234575565450114,0.562443390665626
9.03452573220797,-0.0825028924639267,-0.171627684432562,0.534748751811811
9.04457487675712,-0.0200693919337166,-0.102982691678508,0.497479798468751
9.05537736247585,0.0473696020029539,-0.0274127138504747,0.448693895120572
9.06781924111389,0.123898166826426,0.060156437704802,0.382450374729742
9.0779308512746,0.183973476201788,0.130351925318167,0.321729305301726
9.08804246143532,0.241113586123658,0.198467567509807,0.255876111683109
9.09806193218037,0.293941202384274,0.262842455028595,0.186592484134074
9.10747488293162,0.339390184713267,0.319587593335376,0.118815548267346
9.11656608549776,0.378836627814847,0.37020567495338,0.0517857171688012
9.12545510103647,0.412683872821042,0.41508472598962,-0.0144051190114651
9.13418054630844,0.440960355216839,0.454162011093223,-0.0792099352583033
9.14277708555439,0.463695650002768,0.487385712246649,-0.142140373463287
9.15127369882332,0.480911279608785,0.514699730062507,-0.202730702722332
9.15969392940282,0.492625831789849,0.536046539571424,-0.260524246689452
9.16805781203802,0.498864429852077,0.551377378403213,-0.315077691306818
9.17638308494182,0.499664109095281,0.560657948865751,-0.365963038622823
9.18468600976179,0.495077022107975,0.563871745045808,-0.412768337627001
9.19298200485335,0.485172394996463,0.561022045348081,-0.455097902109704
9.20128617930691,0.470037626235819,0.552132973347324,-0.492572082669031
9.20961383044619,0.449778726051716,0.537249818790388,-0.524826556432031
9.21798095984767,0.424520159481058,0.516438660559218,-0.551511006468962
9.2264048672405,0.394404034783512,0.489785191458947,-0.572286940052611
9.23490490074017,0.35958843034912,0.457392464544267,-0.586824205170883
9.24350348429476,0.320244418067514,0.41937699029562,-0.594795433368639
9.2522276303108,0.276550902582995,0.375862070453525,-0.595867007223176
9.26111132947095,0.228685481679762,0.326966124464111,-0.589683856706094
9.27019962839433,0.176807425140853,0.272781172240117,-0.575842482595585
9.27955626685196,0.121023410503159,0.213329961329637,-0.553839304958869
9.28927987384983,0.0613101900422226,0.14847020772026,-0.522960106068222
9.29954521997204,-0.00269352038612171,0.0776395980311498,-0.481998710503629
9.31074692726333,-0.0724482698731953,-0.00106715877195891,-0.428286666607419
9.32457733895671,-0.156470767844699,-0.098045835778719,-0.35054959239588
9.33430438060845,-0.212913896325894,-0.164673134759136,-0.289444569400553
9.34403142226019,-0.266213256866603,-0.22886747544108,-0.224074688553139
9.35375348601946,-0.315557728322891,-0.289652134145878,-0.15543356506208
9.36302369284636,-0.35828347196979,-0.343645179597714,-0.0878297542324579
9.37201587949827,-0.395141375196205,-0.39162151160971,-0.0211191815189685
9.3808238010623,-0.426411941891529,-0.433826629363666,0.0444881248328218
9.38948575148705,-0.452130058840911,-0.47021120991888,0.108486906467815
9.3980330235634,-0.472318186388822,-0.500717527599295,0.17039604726284
9.40649174211671,-0.486994827490733,-0.525286979535608,0.22975291226925
9.41488366327406,-0.496180765747418,-0.543865223437545,0.286106746140763
9.42322764555506,-0.499906117107532,-0.556409645360091,0.339021169515357
9.43154065806286,-0.498214576299926,-0.562893829814122,0.388075521085173
9.43983850254475,-0.491165983474974,-0.56331020786068,0.432865346314235
9.44813639193998,-0.478837849986246,-0.557671584625368,0.473002407834732
9.45644946046871,-0.461326137449878,-0.546011844846375,0.508114244378979
9.46479326286601,-0.438745421569046,-0.528385955125529,0.5378432013389
9.4731843181832,-0.411228448418381,-0.504869240649296,0.561844753385492
9.48164076415679,-0.37892496262326,-0.475555761376248,0.579784792517926
9.49018321639073,-0.341999507958979,-0.44055539337564,0.591335312499963
9.49883598573795,-0.300627592409218,-0.399988838969444,0.596167479361359
9.50762892939895,-0.254989002006136,-0.353979036776221,0.593940208620509
9.51660047709147,-0.205255721355805,-0.302635806930706,0.584280513449403
9.52580300644908,-0.151568702082429,-0.246026621083377,0.566747514005688
9.53531345033888,-0.0939888368565909,-0.184115551863395,0.540760290040826
9.54525753157955,-0.0323781740027382,-0.11661689587471,0.505432331231833
9.55587938241221,0.0339595582454649,-0.0425568474094716,0.459098433929619
9.56785162313102,0.107955359488181,0.0417492400130485,0.397236716850794
9.57714067331096,0.163788332861707,0.106614721395443,0.343041668797583
9.58642972349091,0.21741554950851,0.170044468078363,0.284226488580881
9.59693757045146,0.274513144683132,0.238991395055966,0.213130497762993
9.60655741663615,0.322661820465118,0.298531392104263,0.144782570165134
9.61572645216996,0.364226041934685,0.351279892338653,0.0776768975761891
9.62468782375344,0.400234400503131,0.398384283536312,0.0111007018009122
9.63347305326922,0.430667683494583,0.439718875318475,-0.0543071509433478
9.64211574246697,0.455546084671694,0.475215988618246,-0.118019423679313
9.65064800210421,0.474897369138752,0.504825830845614,-0.179570770241171
9.65909527883524,0.488740044977326,0.52849019698086,-0.2385009120212
9.6674787756657,0.497095855458796,0.546156006940283,-0.294360908888916
9.67581700736133,0.49999675177015,0.557782868366422,-0.346716699577628
9.68412672459462,0.497488742438786,0.563347087059413,-0.395150067723764
9.69242360507689,0.489634269509583,0.562844107800068,-0.439259029742912
9.70072281789166,0.476513607567527,0.556289904293316,-0.478657780354737
9.70903952845851,0.458225544331589,0.543721574154013,-0.512976178934544
9.71738940085398,0.434887454797681,0.525197236036248,-0.541858687431404
9.72578915367452,0.406634758451828,0.500795185446653,-0.564962561968949
9.73425723838595,0.373619616521882,0.470612106956532,-0.581954942607898
9.7428147408858,0.336008534081709,0.434759904373995,-0.592508221753718
9.75148667292612,0.293978192414646,0.393360289926477,-0.596292585070988
9.76030395685094,0.24770815734682,0.346535432197255,-0.592963649102613
9.76930670831664,0.197367602953203,0.294391106327809,-0.582141020247637
9.77855015061363,0.143089472312453,0.236984233609143,-0.563368567780138
9.7881165082128,0.08491498852271,0.174253891965832,-0.536033420658731
9.79814294777663,0.0226555618780565,0.105851418501256,-0.499175139739195
9.80890573215019,-0.0445449438794211,0.030607512025447,-0.450914735429208
9.82123837374225,-0.120485486858705,-0.05620874425835,-0.385660455602131
9.83133354139271,-0.180600617714058,-0.126374349296215,-0.325357610507059
9.84142870904317,-0.23784371210064,-0.19453016587654,-0.259881277344604
9.85149968880686,-0.291181569950857,-0.259441087203273,-0.190442896485503
9.86093628010075,-0.336992545585008,-0.316556302920193,-0.122617455988892
9.87003971480486,-0.376754394331203,-0.367494162052514,-0.0555613936721376
9.87893914619023,-0.410917902179826,-0.412699987940036,0.0106925145612576
9.88767292087437,-0.439508847487792,-0.452107094125931,0.0755894798288378
9.89627591568867,-0.462556948074333,-0.485663352875602,0.138638428807618
9.90477751207317,-0.480084359738404,-0.513313263632174,0.199373423362618
9.9132015027281,-0.492109536041963,-0.534999060535021,0.257337146958348
9.92156808231583,-0.498657057002278,-0.550671299128509,0.312085452757386
9.92989509474073,-0.499763184025732,-0.560294759246335,0.363189451323618
9.93819886701018,-0.495479152814876,-0.563851865152515,0.410236274025835
9.94649485031415,-0.485873187413066,-0.561344740149037,0.452829316415831
9.95479815787449,-0.471031640852679,-0.552796313477393,0.490588035748287
9.96312406302119,-0.451059469021206,-0.53825068076432,0.523147270458687
9.97148851267988,-0.426080107831607,-0.517772767742076,0.550155959462816
9.97990871503364,-0.396234702540946,-0.49144720565414,0.571275018679163
9.988403878233,-0.361680492352498,-0.459376150311594,0.586173947754577
9.9969962177276,-0.322587925476918,-0.421675495426177,0.594525419695554
10,-0.308020229594328,-0.407326022462019,0.595834757206145
